Location,Burrito,Date,Neighborhood,Address,Yelp,Google,Chips,Cost,Hunger,Length,Circum,Volume,Tortilla,Temp,Meat,Fillings,Meat.filling,Uniformity,Salsa,Synergy,Wrap,Taste,Rec,Reviewer,Notes,Unreliable,NonSD,Beef,Pico,Guac,Cheese,Fries,Sour.cream,Pork,Chicken,Shrimp,Fish,Rice,Beans,Lettuce,Tomato,Bell.peper,Carrots,Cabbage,Sauce,Salsa.1,Cilantro,Onion,Taquito,Pineapple,Ham,Chile.relleno,Nopales,Lobster,Queso,Egg,Mushroom,Bacon,Sushi,Avocado,Corn,Zucchini
graciela's taco shop,adobada ,2/14/16,chula vista,5047 Central Ave,4,4.5,No,5.99,3,NA,NA,NA,4,4,3,3.5,4,4.5,4,4,4.5,4,NA,Scott,Salsa verde spicy,,0,NA,NA,NA,NA,NA,NA,1,NA,NA,NA,NA,1,NA,NA,NA,NA,NA,NA,1,1,1,NA,NA,NA,NA,NA,NA,NA,NA,NA,NA,NA,NA,NA,NA
graciela's taco shop,barbacoa,2/14/16,chula vista,5047 Central Ave,4,4.5,No,5.99,2,NA,NA,NA,3.5,4,3.5,NA,4,NA,4,4,1.5,4,NA,Emily,,,0,1,NA,NA,NA,NA,NA,NA,NA,NA,NA,NA,NA,NA,NA,NA,NA,NA,NA,NA,1,1,NA,NA,NA,NA,NA,NA,NA,NA,NA,NA,NA,NA,NA,NA
cortez mexican food,california ,10/7/16,bonsall,5517 Mission Rd,4.2,4,No,6.25,4,22.5,18,0.58,3.5,4,2.5,3,1.5,2.5,2.5,2.8,5,3.2,no,Scott ,,,0,1,1,1,1,1,1,NA,NA,NA,NA,NA,NA,NA,NA,NA,NA,NA,NA,NA,NA,NA,NA,NA,NA,NA,NA,NA,NA,NA,NA,NA,NA,NA,NA,NA
el pueblo mexican food,california,8/10/16,cardiff ,820 Birmingham Dr,4,4.7,No,4.99,4,19,21,0.67,4.5,4.5,3.5,4,4.5,5,2.5,4.5,5,4.3,yes,Scott,,,0,1,1,NA,1,1,NA,NA,NA,NA,NA,NA,NA,NA,NA,NA,NA,NA,NA,NA,NA,NA,NA,NA,NA,NA,NA,NA,NA,NA,NA,NA,NA,NA,NA,NA
pollos maria,california,1/27/16,carlsbad,3055 Harding St,4,3.8,Yes,6.59,4,NA,NA,NA,4,5,4,3.5,4.5,5,2.5,4.5,4,4.2,NA,Scott,,,0,1,1,NA,1,1,NA,NA,NA,NA,NA,NA,NA,NA,NA,NA,NA,NA,NA,NA,NA,NA,NA,NA,NA,NA,NA,NA,NA,NA,NA,NA,NA,NA,NA,NA
senor grubby's,california,4/24/16,carlsbad,377 Carlsbad Village Dr,4,4.1,No,9,2,19,21.5,0.7,2,3.5,3,1.5,1,1,2.5,1.5,3.5,1.5,no,Scott,"The ends of the burrito were decent, but the middle was terrible without much meat",,0,1,1,NA,1,1,NA,NA,NA,NA,NA,NA,NA,NA,NA,NA,NA,NA,NA,NA,NA,NA,NA,NA,NA,NA,NA,NA,NA,NA,NA,NA,NA,NA,NA,NA
lola's 7 up market & deli,carne asada,2/29/16,carlsbad,3292 Roosevelt St,4.5,4.9,No,7,3.5,NA,NA,NA,2.5,3,3,4,2,2,3,3.5,3.5,3,NA,Scott,Beans are surprisingly good,,0,1,1,1,1,NA,NA,NA,NA,NA,NA,NA,1,NA,NA,NA,NA,NA,NA,NA,NA,NA,NA,NA,NA,NA,NA,NA,NA,NA,NA,NA,NA,NA,NA,NA
pollos maria,carne asada,11/26/16,carlsbad,3055 Harding St,4,3.8,Yes,6.49,3,17.5,17,0.4,3.5,4,3,4,3.5,4,3,4,4.5,3.5,no,Emily,Just way too small,,0,NA,NA,NA,NA,NA,NA,NA,NA,NA,NA,NA,NA,NA,NA,NA,NA,NA,NA,NA,NA,NA,NA,NA,NA,NA,NA,NA,NA,NA,NA,NA,NA,NA,NA,NA
chipotle,carnitas,9/13/16,carlsbad,2505 Palomar airport Rd,3,4.2,No,7.15,4,16.5,26.5,0.92,2.5,2.5,3,2.8,2.5,3.5,NA,3,3.5,2.75,yes,Emily,,,0,NA,1,NA,NA,NA,1,1,NA,NA,NA,1,1,NA,NA,1,NA,NA,NA,NA,NA,NA,NA,NA,NA,NA,NA,NA,NA,NA,NA,NA,NA,NA,1,NA
pollos maria,chicken,1/28/16,carlsbad,3055 Harding St,4,3.8,Yes,6.99,4,NA,NA,NA,3,4,5,3.5,2.5,2.5,2.5,4,1,3.2,NA,Emily,,,0,NA,NA,1,1,NA,1,NA,1,NA,NA,1,1,1,1,NA,NA,NA,NA,NA,NA,NA,NA,NA,NA,NA,NA,NA,NA,NA,NA,NA,NA,NA,NA,NA
pollos maria,chicken,11/26/16,carlsbad,3055 Harding St,4,3.8,Yes,6.99,3.5,20.5,22.5,0.83,3.5,2.5,4,3.5,3,2.5,2.5,4.5,0.5,3.8,yes,Scott,Started off really great but ended with poor uniformity and wrap integrity,,0,NA,NA,NA,NA,NA,NA,NA,NA,NA,NA,NA,NA,NA,NA,NA,NA,NA,NA,NA,NA,NA,NA,NA,NA,NA,NA,NA,NA,NA,NA,NA,NA,NA,NA,NA
chipotle,custom,5/22/16,carlsbad,2505 Palomar airport Rd,3,4.2,No,7,3.5,NA,NA,NA,3,NA,5,3,3,4,4,4,4,4,yes,Gurkirat S,,x,0,NA,NA,NA,NA,NA,NA,NA,NA,NA,NA,NA,NA,NA,NA,NA,NA,NA,NA,NA,NA,NA,NA,NA,NA,NA,NA,NA,NA,NA,NA,NA,NA,NA,NA,NA
senor grubby's,al pastor,4/24/16,carlsbad,377 Carlsbad Village Dr,4,4.1,No,9,2,18.5,23,0.78,2.5,2.5,1.5,2.5,1,2,2.5,2,5,1.8,no,Emily,,,0,NA,NA,1,NA,NA,NA,1,NA,NA,NA,NA,NA,NA,NA,NA,NA,NA,NA,NA,1,1,NA,NA,NA,NA,NA,NA,NA,NA,NA,NA,NA,NA,NA,NA
lola's 7 up market & deli,shredded beef,2/29/16,carlsbad,3292 Roosevelt St,4.5,4.9,No,6,3.5,NA,NA,NA,2.5,2.5,3,4,4,4,3,3.5,1.5,3.8,NA,Emily,Food cooks fast but checking out is painfully slow,,0,1,1,NA,1,NA,NA,NA,NA,NA,NA,NA,1,NA,NA,NA,NA,NA,NA,NA,NA,NA,NA,NA,NA,NA,NA,NA,NA,NA,NA,NA,NA,NA,NA,NA
nico's taco shop,california,1/30/16,carmel valley,3860 Valley Centre Dr #404,3,2.9,No,7.19,1.5,NA,NA,NA,2,3,3,2,2.5,2.5,NA,2,3,2.6,NA,Scott,not fries. big potatoes,,0,1,NA,NA,1,1,1,NA,NA,NA,NA,NA,NA,NA,NA,NA,NA,NA,NA,NA,NA,NA,NA,NA,NA,NA,NA,NA,NA,NA,NA,NA,NA,NA,NA,NA
porkyland ,california,4/2/16,carmel valley,4645 Carmel Mountain Rd,4,4.4,Yes,8.75,3,NA,NA,NA,4,5,3,5,3,2,4,3,5,4,NA,Andy,,,0,1,NA,1,1,1,1,NA,NA,NA,NA,NA,NA,NA,NA,NA,NA,NA,NA,NA,NA,NA,NA,NA,NA,NA,NA,NA,NA,NA,NA,NA,NA,NA,NA,NA
nico's taco shop,carnitas,1/30/16,carmel valley,3860 Valley Centre Dr #404,3,2.9,No,6.99,4,NA,NA,NA,2.5,3,3,2.5,3,3.5,NA,2.5,3,3,NA,Emily,,,0,NA,1,1,NA,NA,NA,1,NA,NA,NA,NA,NA,NA,NA,NA,NA,NA,NA,NA,NA,NA,NA,NA,NA,NA,NA,NA,NA,NA,NA,NA,NA,NA,NA,NA
porkyland ,chicken nopalito,4/2/16,carmel valley,4645 Carmel Mountain Rd,4,4.4,Yes,7.95,2.5,NA,NA,NA,2.5,2.5,4,3.5,3,2.5,3,3,5,3.3,NA,Emily,,,0,NA,NA,1,NA,NA,NA,NA,1,NA,NA,NA,NA,NA,NA,NA,NA,NA,1,NA,NA,NA,NA,NA,NA,NA,1,NA,NA,NA,NA,NA,NA,NA,NA,NA
porkyland ,chicken nopalito,4/2/16,carmel valley,4645 Carmel Mountain Rd,4,4.4,Yes,7.95,2,NA,NA,NA,4,5,4,4,3,5,3,3,5,4,NA,Tara,,,0,NA,NA,1,NA,NA,NA,NA,1,NA,NA,NA,NA,NA,NA,NA,NA,NA,1,NA,NA,NA,NA,NA,NA,NA,1,NA,NA,NA,NA,NA,NA,NA,NA,NA
porkyland ,deborah's special,4/2/16,carmel valley,4645 Carmel Mountain Rd,4,4.4,Yes,8.25,3.5,NA,NA,NA,4,4.5,3.5,2.5,4.5,4.5,4,3.5,5,4,NA,Scott,,x,0,1,NA,NA,NA,NA,NA,NA,NA,NA,NA,NA,NA,NA,NA,NA,NA,NA,NA,NA,NA,NA,NA,NA,NA,NA,1,NA,NA,NA,NA,NA,NA,NA,NA,NA
carmen's mexican food,adobada,8/19/16,clairemont,4937 Diane Ave,4,4.2,No,6.5,3.5,20.5,20.5,0.69,2.5,4,3.5,4,4,3,1.5,3.5,5,3.6,yes,Scott,really good guac,,0,NA,NA,1,NA,NA,NA,1,NA,NA,NA,NA,1,NA,NA,NA,NA,NA,NA,NA,1,1,NA,NA,NA,NA,NA,NA,NA,NA,NA,NA,NA,NA,NA,NA
burros and fries,california,8/12/16,clairemont,4705 Clairemont Dr,3.5,4.1,No,6.89,4,21.5,22.5,0.87,3.5,4.5,3.5,3.5,3,1.5,2.5,3.5,5,3.5,yes,Scott,good fries,,0,1,1,NA,1,1,1,NA,NA,NA,NA,NA,NA,NA,NA,NA,NA,NA,NA,NA,NA,NA,NA,NA,NA,NA,NA,NA,NA,NA,NA,NA,NA,NA,NA,NA
cotixan,california,2/23/17,clairemont,4370 Genessee Ave,4,4,No,7.19,4.5,20,24,0.92,4,2,3,3.8,3.5,2,4,4,4,3.5,NA,Scott,,,0,NA,NA,NA,NA,NA,NA,NA,NA,NA,NA,NA,NA,NA,NA,NA,NA,NA,NA,NA,NA,NA,NA,NA,NA,NA,NA,NA,NA,NA,NA,NA,NA,NA,NA,NA
los palmitos,california,4/23/17,clairemont,5145 Clairemont Mesa Blvd,4,4.1,Yes,7.1,4,22.5,23,0.95,4.5,5,3.8,3.8,4,4,3.9,4.3,5,4.3,NA,Scott,red-orange salsa has a slight fruity flavor that's really good,,0,1,NA,NA,1,1,1,NA,NA,NA,NA,NA,NA,NA,NA,NA,NA,NA,NA,NA,NA,NA,NA,NA,NA,NA,NA,NA,NA,NA,NA,NA,NA,NA,NA,NA
roberto's taco shop clairemont,california,9/11/16,clairemont,3095 Clairemont Dr,4,4,No,5.79,4,NA,NA,NA,3,4.5,4,4,4,5,2.5,3,5,3.6,yes,Scott,Fries are really good but the overall flavor is plain because lack of ingredients,,0,1,NA,NA,1,1,NA,NA,NA,NA,NA,NA,NA,NA,NA,NA,NA,NA,NA,NA,NA,NA,NA,NA,NA,NA,NA,NA,NA,NA,NA,NA,NA,NA,NA,NA
roberto's taco shop clairemont,california,9/11/16,clairemont,3095 Clairemont Dr,4,4,No,5.79,4,NA,NA,NA,4,3,4,2.5,3.5,4,2,2.5,5,3,no,Benni,,,0,1,NA,NA,1,1,NA,NA,NA,NA,NA,NA,NA,NA,NA,NA,NA,NA,NA,NA,NA,NA,NA,NA,NA,NA,NA,NA,NA,NA,NA,NA,NA,NA,NA,NA
vallarta express,california,4/15/16,clairemont,4277 Genesee Ave,3.5,4,No,6.65,3.5,NA,NA,NA,3.5,NA,3.5,3.5,4.5,3.5,3.5,4,4,4,NA,Ricardo,,,0,NA,NA,NA,NA,NA,NA,NA,NA,NA,NA,NA,NA,NA,NA,NA,NA,NA,NA,NA,NA,NA,NA,NA,NA,NA,NA,NA,NA,NA,NA,NA,NA,NA,NA,NA
vallarta express,california,5/9/16,clairemont,4277 Genesee Ave,3.5,4,No,6.95,4,21,23,0.88,3,3.5,2,3.5,3,2.5,2.5,2.5,2,2.9,no,Scott,,,0,NA,NA,NA,NA,NA,NA,NA,NA,NA,NA,NA,NA,NA,NA,NA,NA,NA,NA,NA,NA,NA,NA,NA,NA,NA,NA,NA,NA,NA,NA,NA,NA,NA,NA,NA
vallarta express,california,3/16/17,clairemont,4277 Genesee Ave,3.5,4,No,7.5,4,NA,NA,NA,3,NA,4,4,3,5,3,4,5,4.1,NA,Erik,,,0,NA,NA,NA,NA,NA,NA,NA,NA,NA,NA,NA,NA,NA,NA,NA,NA,NA,NA,NA,NA,NA,NA,NA,NA,NA,NA,NA,NA,NA,NA,NA,NA,NA,NA,NA
roberto's taco shop clairemont,california + guac + sour cream,9/11/16,clairemont,3095 Clairemont Dr,4,4,No,7.29,3.7,NA,NA,NA,3.8,4.7,4,3.5,4.5,4,4,4.5,5,4,yes,Luis,,,0,1,NA,1,1,1,1,NA,NA,NA,NA,NA,NA,NA,NA,NA,NA,NA,NA,NA,NA,NA,NA,NA,NA,NA,NA,NA,NA,NA,NA,NA,NA,NA,NA,NA
el rey moro,california surf,6/9/16,clairemont,4471 Clairemont Mesa Blvd,4,3.8,No,9.19,2.8,20.5,23.5,0.9,3.5,4.5,4,3.5,5,4.5,3,3.5,5,4,yes,Scott,shrimp is really good. too much chipotle sauce,,0,1,NA,1,1,1,NA,NA,NA,1,NA,NA,NA,NA,NA,NA,NA,NA,1,NA,NA,NA,NA,NA,NA,NA,NA,NA,NA,NA,NA,NA,NA,NA,NA,NA
burros and fries,carne asada,8/12/16,clairemont,4705 Clairemont Dr,3.5,4.1,No,6.89,5,18.5,21,0.65,3,5,4.5,4.5,3,4,4.5,4,4.5,4,yes,Brent,very little guac,,0,1,1,1,NA,NA,NA,NA,NA,NA,NA,NA,NA,NA,NA,NA,NA,NA,NA,NA,NA,NA,NA,NA,NA,NA,NA,NA,NA,NA,NA,NA,NA,NA,NA,NA
carmen's mexican food,carne asada,8/19/16,clairemont,4937 Diane Ave,4,4.2,No,6.5,5,21,21,0.74,4.5,4.5,3.5,4,4,3.5,4,4,4,4,yes,Brent,,,0,1,1,1,NA,NA,NA,NA,NA,NA,NA,NA,NA,NA,NA,NA,NA,NA,NA,NA,NA,NA,NA,NA,NA,NA,NA,NA,NA,NA,NA,NA,NA,NA,NA,NA
roberto's taco shop clairemont,carne asada,9/11/16,clairemont,3095 Clairemont Dr,4,4,No,5.69,3,NA,NA,NA,4,3,1.5,3,4,4.5,3.5,2,4.5,3,no,Ricardo,,,0,1,NA,1,NA,NA,NA,NA,NA,NA,NA,NA,NA,NA,NA,NA,NA,NA,NA,NA,NA,NA,NA,NA,NA,NA,NA,NA,NA,NA,NA,NA,NA,NA,NA,NA
vallarta express,carne asada,3/21/16,clairemont,4277 Genesee Ave,3.5,4,No,6.5,3.5,NA,NA,NA,3.75,5,3,3,4.5,4.5,3.5,3,4.5,3.25,NA,Ricardo,,,0,1,1,1,NA,NA,NA,NA,NA,NA,NA,NA,NA,NA,NA,NA,NA,NA,NA,NA,NA,NA,NA,NA,NA,NA,NA,NA,NA,NA,NA,NA,NA,NA,NA,NA
el portal fresh mexican grill,carnitas,11/6/16,clairemont,4101 Genesee Ave,4,4.4,Yes,6.7,3.75,18,22.5,0.73,3.5,4,4,3,3.75,4,3,3.5,4.5,3.75,yes,Emily,,,0,NA,1,1,NA,NA,NA,1,NA,NA,NA,NA,NA,NA,NA,NA,NA,NA,NA,NA,NA,NA,NA,NA,NA,NA,NA,NA,NA,NA,NA,NA,NA,NA,NA,NA
mister falafel,chicken shawarma,12/15/16,clairemont,4461 Clairemont Mesa Blvd,4.5,4.6,No,6.99,3.7,24,18.5,0.65,3.6,4,4,3,3.8,4.3,NA,3.8,2,3.5,yes,Scott,Richard recommended this. Like a Mediterranean burrito,,0,NA,NA,NA,NA,NA,NA,NA,NA,NA,NA,NA,NA,NA,NA,NA,NA,NA,NA,NA,NA,NA,NA,NA,NA,NA,NA,NA,NA,NA,NA,NA,NA,NA,NA,NA
vallarta express,fish,4/15/16,clairemont,4277 Genesee Ave,3.5,4,No,6.5,2.5,NA,NA,NA,3,NA,3.5,4,4,3,NA,4,1.5,3.5,NA,Erin,,,0,NA,NA,NA,NA,NA,NA,NA,NA,NA,NA,NA,NA,NA,NA,NA,NA,NA,NA,NA,NA,NA,NA,NA,NA,NA,NA,NA,NA,NA,NA,NA,NA,NA,NA,NA
el portal fresh mexican grill,mahi,11/6/16,clairemont,4101 Genesee Ave,4,4.4,Yes,7.35,2.3,19.5,23.5,0.86,4,4,3.5,2,1.5,2,2,3,1.2,3.1,no,Scott,,,0,NA,NA,1,NA,NA,NA,NA,NA,NA,1,NA,NA,NA,1,NA,NA,1,NA,NA,NA,NA,NA,NA,NA,NA,NA,NA,NA,NA,NA,NA,NA,NA,NA,NA
vallarta express,mahi,3/21/16,clairemont,4277 Genesee Ave,3.5,4,No,7.3,3,NA,NA,NA,3,4.5,3.5,3,3,2,3.5,2.5,4.5,3.5,NA,Tom,,,0,NA,NA,NA,NA,NA,NA,NA,NA,NA,NA,NA,NA,NA,NA,NA,NA,NA,NA,NA,NA,NA,NA,NA,NA,NA,NA,NA,NA,NA,NA,NA,NA,NA,NA,NA
vallarta express,philly ,3/21/16,clairemont,4277 Genesee Ave,3.5,4,No,6.95,4,NA,NA,NA,3,4.5,4,3,3,2,4,2,4.5,3,NA,Torben,Guac chips have lots of cheese,,0,1,NA,NA,1,NA,NA,NA,NA,NA,NA,NA,NA,NA,NA,1,NA,NA,NA,1,NA,NA,NA,NA,NA,NA,NA,NA,NA,NA,1,1,NA,NA,NA,NA
vallarta express,quesa,3/21/16,clairemont,4277 Genesee Ave,3.5,4,No,6.95,4.5,NA,NA,NA,2,5,3.5,4,2.5,5,3.5,2.5,4,3.75,NA,Alex,Heart-stopping amount of cheese. Second tortilla of cheese,,0,1,1,1,1,NA,NA,NA,1,NA,NA,NA,NA,NA,NA,NA,NA,NA,NA,NA,NA,NA,NA,NA,NA,NA,NA,NA,NA,NA,NA,NA,NA,NA,NA,NA
vallarta express,quesaburro,3/21/16,clairemont,4277 Genesee Ave,3.5,4,No,6.95,3.5,NA,NA,NA,3,4,3.5,4,4,4,3.5,4.5,4.5,4.1,NA,Scott,,,0,1,1,1,1,NA,NA,NA,NA,NA,NA,NA,NA,NA,NA,NA,NA,NA,NA,NA,NA,NA,NA,NA,NA,NA,NA,NA,NA,NA,NA,NA,NA,NA,NA,NA
los palmitos,surf & turf,4/23/17,clairemont,5145 Clairemont Mesa Blvd,4,4.1,Yes,8.25,3.5,20,24,0.92,3.5,4,4,3,3.5,4.5,3.5,3.5,5,3.6,NA,Emily,Rice was plain. Also don't like rice in burrito,,0,1,NA,1,NA,NA,NA,NA,NA,1,NA,1,NA,NA,NA,NA,NA,NA,1,NA,NA,NA,NA,NA,NA,NA,NA,NA,NA,NA,NA,NA,NA,NA,NA,NA
vallarta express,surf & turf,3/21/16,clairemont,4277 Genesee Ave,3.5,4,No,7.65,3,NA,NA,NA,2,4,3,3,4,2,4,2,3,3.5,NA,Richard,Hot carrots,,0,1,NA,1,NA,NA,1,NA,NA,1,NA,1,1,NA,NA,NA,NA,NA,NA,NA,NA,NA,NA,NA,NA,NA,NA,NA,NA,NA,NA,NA,NA,NA,NA,NA
roberto's very mexican food,carnitas,5/24/16,del mar,2206 Carmel Valley Road,3.5,3.9,No,5.4,3,18,20,0.57,2,3.5,4,2.5,3.5,1.5,1.5,3,5,2.7,no,Emily,,,0,NA,1,1,NA,NA,NA,1,NA,NA,NA,NA,NA,NA,NA,NA,NA,NA,NA,NA,NA,NA,NA,NA,NA,NA,NA,NA,NA,NA,NA,NA,NA,NA,NA,NA
roberto's very mexican food,chicken asada,5/24/16,del mar,2206 Carmel Valley Road,3.5,3.9,No,6.5,2,18.5,21.5,0.68,1.5,4,2,2,4.5,1,1,2,5,1.5,no,Scott,,,0,NA,1,1,NA,NA,NA,NA,1,NA,NA,NA,NA,NA,NA,NA,NA,NA,NA,NA,NA,NA,NA,NA,NA,NA,NA,NA,NA,NA,NA,NA,NA,NA,NA,NA
famoso mexican street food,cali diablo,11/14/16,downtown,815 C St,4.5,3.9,No,10.5,3,20,27,1.16,2,2.5,3.3,3.5,1.5,4,2.5,2.5,3,3.1,no,Scott,Big roach on the floor while eating. Good prep took quite a long time. Cut in half!,,0,1,1,1,1,1,1,NA,NA,1,NA,NA,NA,NA,NA,NA,NA,NA,1,NA,NA,NA,NA,NA,NA,NA,NA,NA,NA,NA,NA,NA,NA,NA,NA,NA
valentines mexican food,california,11/16/16,downtown,1157 Sixth Ave,4,4,Yes,7.9,4,20,22,0.77,3,5,5,4,5,4,3,5,2,4.5,yes,Shreejoy,,,0,NA,NA,NA,NA,NA,NA,NA,NA,NA,NA,NA,NA,NA,NA,NA,NA,NA,NA,NA,NA,NA,NA,NA,NA,NA,NA,NA,NA,NA,NA,NA,NA,NA,NA,NA
valentines mexican food,california,11/16/16,downtown,1157 Sixth Ave,4,4,Yes,7.9,4,20,21.5,0.74,4,4,3,4,4,4,3,3,4,4,yes,@synapticlee,,,0,NA,NA,NA,NA,NA,NA,NA,NA,NA,NA,NA,NA,NA,NA,NA,NA,NA,NA,NA,NA,NA,NA,NA,NA,NA,NA,NA,NA,NA,NA,NA,NA,NA,NA,NA
valentines mexican food,california,11/16/16,downtown,1157 Sixth Ave,4,4,Yes,7.9,3.5,NA,NA,NA,4,3.5,4.7,4,4.5,4.5,4.5,4,3.5,4.7,yes,@danjlurie,,,0,NA,NA,NA,NA,NA,NA,NA,NA,NA,NA,NA,NA,NA,NA,NA,NA,NA,NA,NA,NA,NA,NA,NA,NA,NA,NA,NA,NA,NA,NA,NA,NA,NA,NA,NA
valentines mexican food,california ,10/1/16,downtown,1157 Sixth Ave,4,4,Yes,7.9,4,20,22,0.77,4,4,4,4,4.5,4,4,4,2.5,4.2,yes,Scott,Best horchata. Fries are great. Chips are really good,,0,1,1,1,1,1,NA,NA,NA,NA,NA,NA,NA,NA,NA,NA,NA,NA,NA,NA,NA,NA,NA,NA,NA,NA,NA,NA,NA,NA,NA,NA,NA,NA,NA,NA
valentines mexican food,california chipotle,10/1/16,downtown,1157 Sixth Ave,4,4,Yes,7.9,3,18.5,22,0.71,4,4,3.5,4.5,4,3.5,2.5,4,1.5,4,yes,Emily,"Chips really good, really good but a little bit spicy chipotle. Very good horchata",,0,1,1,1,1,1,NA,NA,NA,NA,NA,NA,NA,NA,NA,NA,NA,NA,1,NA,NA,NA,NA,NA,NA,NA,NA,NA,NA,NA,NA,NA,NA,NA,NA,NA
valentines mexican food,carne asada,11/16/16,downtown,1157 Sixth Ave,4,4,Yes,6.75,3,18,21.5,0.66,4.5,4.7,4.5,3.5,4,4.5,4.5,3.5,5,4.2,yes,Scott,,,0,1,NA,1,NA,NA,NA,NA,NA,NA,NA,NA,NA,NA,NA,NA,NA,NA,NA,NA,NA,NA,NA,NA,NA,NA,NA,NA,NA,NA,NA,NA,NA,NA,NA,NA
valentines mexican food,pork california,11/16/16,downtown,1157 Sixth Ave,4,4,Yes,7.9,4,19,22,0.73,5,5,4,5,5,3,4,5,3,5,yes,Justin K,,,0,NA,NA,NA,NA,NA,NA,NA,NA,NA,NA,NA,NA,NA,NA,NA,NA,NA,NA,NA,NA,NA,NA,NA,NA,NA,NA,NA,NA,NA,NA,NA,NA,NA,NA,NA
cancun mexican & seafood,adobada,9/9/16,encinitas,1766 N Coast Hwy,4.5,4.1,Yes,6.45,3,19.5,21.5,0.72,4,5,3.5,3,3.5,3.5,4,2.5,4,3.5,yes,Scott,Free salad,,0,NA,NA,1,NA,NA,NA,1,NA,NA,NA,NA,NA,NA,NA,NA,NA,NA,NA,NA,1,1,NA,NA,NA,NA,NA,NA,NA,NA,NA,NA,NA,NA,NA,NA
filiberto's,adobada,5/2/17,encinitas,476 S Coast Hwy 101,3,3.8,No,6.25,4.4,NA,NA,NA,4.2,4.5,4,3,5,3.8,2.5,3,5,3.7,NA,Scott,,,0,NA,1,1,NA,NA,NA,1,NA,NA,NA,NA,NA,NA,NA,NA,NA,NA,NA,NA,NA,NA,NA,NA,NA,NA,NA,NA,NA,NA,NA,NA,NA,NA,NA,NA
cancun mexican & seafood,california,3/20/16,encinitas,1766 N Coast Hwy,4.5,4.1,Yes,6.99,4,NA,NA,NA,4,4.5,4,3.5,4,2.5,2,4,4,4.2,NA,Scott,A bit small,,0,1,NA,NA,1,1,1,NA,NA,NA,NA,NA,NA,NA,NA,NA,NA,NA,NA,NA,NA,NA,NA,NA,NA,NA,NA,NA,NA,NA,NA,NA,NA,NA,NA,NA
cancun mexican & seafood,california,9/9/16,encinitas,1766 N Coast Hwy,4.5,4.1,Yes,6.99,4,19.5,22,0.75,3,4.5,4,4,3.5,3,4,4,5,4,yes,Emily,,,0,1,NA,NA,1,1,1,NA,NA,NA,NA,NA,NA,NA,NA,NA,NA,NA,NA,NA,NA,NA,NA,NA,NA,NA,NA,NA,NA,NA,NA,NA,NA,NA,NA,NA
filiberto's,california,5/2/17,encinitas,476 S Coast Hwy 101,3,3.8,No,6.25,3,NA,NA,NA,4.5,4.5,3.7,3.5,4,3.5,3,4,4.5,4,NA,Emily,,,0,NA,NA,NA,NA,NA,NA,NA,NA,NA,NA,NA,NA,NA,NA,NA,NA,NA,NA,NA,NA,NA,NA,NA,NA,NA,NA,NA,NA,NA,NA,NA,NA,NA,NA,NA
cancun mexican & seafood,california ,11/17/16,encinitas,1766 N Coast Hwy,4.5,4.1,Yes,6.99,4.3,NA,NA,NA,4.8,5,4,4.4,5,4,4.3,4.3,5,4.5,yes,Scott,Sour cream is surprisingly good. Avocado salsa works very well on the burrito,,0,1,NA,NA,1,1,1,NA,NA,NA,NA,NA,NA,NA,NA,NA,NA,NA,NA,NA,NA,NA,NA,NA,NA,NA,NA,NA,NA,NA,NA,NA,NA,NA,NA,NA
cancun mexican & seafood,california ,11/17/16,encinitas,1766 N Coast Hwy,4.5,4.1,Yes,6.99,4,NA,NA,NA,4.5,4.5,4,4.5,4,4,3.5,4.5,5,4.5,yes,Emily,,,0,1,NA,NA,1,1,1,NA,NA,NA,NA,NA,NA,NA,NA,NA,NA,NA,NA,NA,NA,NA,NA,NA,NA,NA,NA,NA,NA,NA,NA,NA,NA,NA,NA,NA
raul's mexican food,carne asada,3/11/16,encinitas,490 S Coast Hwy 101,4,4.2,No,5,1,NA,NA,NA,2,NA,1,1,0.5,1,1.5,1,4,1,NA,Scott,burrito was mostly tortilla,,0,1,1,1,NA,NA,NA,NA,NA,NA,NA,NA,NA,NA,NA,NA,NA,NA,NA,NA,NA,NA,NA,NA,NA,NA,NA,NA,NA,NA,NA,NA,NA,NA,NA,NA
lourdes,carnitas,3/3/17,encinitas,,4,4,No,7.35,3.5,21,19,0.6,3.5,3,3.5,3,4.5,4.5,4,4,5,3.75,NA,Emily,,,0,NA,NA,NA,NA,NA,NA,NA,NA,NA,NA,NA,NA,NA,NA,NA,NA,NA,NA,NA,NA,NA,NA,NA,NA,NA,NA,NA,NA,NA,NA,NA,NA,NA,NA,NA
raul's mexican food,chile verde pork,3/11/16,encinitas,490 S Coast Hwy 101,4,4.2,No,5,3.5,NA,NA,NA,2,NA,2.5,2,2,2,2,2.5,NA,2,NA,Emily,,,0,NA,NA,NA,NA,NA,NA,1,NA,NA,NA,NA,1,NA,NA,NA,NA,NA,NA,1,NA,NA,NA,NA,NA,NA,NA,NA,NA,NA,NA,NA,NA,NA,NA,NA
el nopalito ,especial ,6/1/16,encinitas,582 Santa Fe Dr,4,4,Yes,4.87,2,19,23.5,0.83,3,4,1.5,2,3,5,3,2.5,5,2.6,no,Scott,"It's pretty good for what it is, but just not the best ingredients for a burrito. also Few white people",,0,1,NA,1,1,NA,NA,NA,NA,NA,NA,1,1,1,1,NA,NA,NA,NA,NA,NA,NA,NA,NA,NA,NA,NA,NA,NA,NA,NA,NA,NA,NA,NA,NA
cancun mexican & seafood,machaca,3/20/16,encinitas,1766 N Coast Hwy,4.5,4.1,Yes,5.99,3,NA,NA,NA,4,3.5,3.5,4,3.5,3.5,2,3.5,0.5,3.9,NA,Emily,So hot! Egg is surprisingly good,,0,1,NA,NA,NA,NA,NA,NA,NA,NA,NA,NA,NA,NA,NA,1,NA,NA,NA,NA,NA,1,NA,NA,NA,NA,NA,NA,NA,1,NA,NA,NA,NA,NA,NA
el nopalito ,ranchero steak,6/1/16,encinitas,582 Santa Fe Dr,4,4,Yes,4.87,2.5,19.5,20.5,0.65,3.5,3,2.5,2.4,3.5,4.5,3,3,1.5,2.6,no,Emily,,,0,NA,NA,NA,NA,NA,NA,NA,NA,NA,NA,NA,NA,NA,NA,NA,NA,NA,NA,NA,NA,NA,NA,NA,NA,NA,NA,NA,NA,NA,NA,NA,NA,NA,NA,NA
juanita's taco shop,arizona,5/18/16,encinitas ,290 N Coast Hwy 101,4,4.5,No,5.55,2.5,20.5,22.5,0.83,4.5,4,3.5,4,3.5,4,3,4,5,3.9,yes,Emily,,,0,1,1,1,NA,1,NA,NA,NA,NA,NA,NA,NA,NA,NA,NA,NA,NA,NA,NA,NA,NA,NA,NA,NA,NA,NA,NA,NA,NA,NA,NA,NA,NA,NA,NA
karina's taco shop ,bomb,5/15/16,encinitas ,916 N Coast Hwy 101,4,4.2,No,7.99,3,25.5,23,1.07,4,4,4,3.5,2.5,3.5,4,3.5,2.5,3.7,yes,Scott,,,0,1,NA,1,1,1,1,NA,NA,NA,NA,NA,NA,NA,NA,NA,NA,NA,NA,NA,NA,NA,1,NA,NA,NA,NA,NA,NA,NA,NA,NA,NA,NA,NA,NA
jorge's mexicatessen,california ,4/24/16,encinitas ,267 N El Camino Real,4,4.5,No,5.95,3.5,20,22,0.77,2.5,2.5,3.5,4,3,4.5,4,4.5,4.5,3.8,yes,Scott,"Cheese should be melted, potatoes are very good",,0,1,NA,NA,1,1,1,NA,NA,NA,NA,NA,NA,NA,NA,NA,NA,NA,NA,NA,NA,NA,NA,NA,NA,NA,NA,NA,NA,NA,NA,NA,NA,NA,NA,NA
juanita's taco shop,california ,5/18/16,encinitas ,290 N Coast Hwy 101,4,4.5,No,5.55,3.5,17.5,23,0.74,4,4.5,3,3,5,3,4,3,5,3.5,yes,Scott,,,0,1,NA,NA,1,1,1,NA,NA,NA,NA,NA,NA,NA,NA,NA,NA,NA,NA,NA,NA,NA,NA,NA,NA,NA,NA,NA,NA,NA,NA,NA,NA,NA,NA,NA
karina's taco shop ,california ,5/15/16,encinitas ,916 N Coast Hwy 101,4,4.2,No,6.99,2.5,21.5,22.125,0.84,3.5,4,3.5,3.5,3,1,4,4,4.5,3.8,yes,Emily,,,0,1,NA,NA,1,1,1,NA,NA,NA,NA,NA,NA,NA,NA,NA,NA,NA,NA,NA,NA,NA,NA,NA,NA,NA,NA,NA,NA,NA,NA,NA,NA,NA,NA,NA
taco stand encinitas,california ,10/29/16,encinitas ,642 S Coast Hwy 101,4,4.4,No,7.49,4,17.5,23.5,0.77,2,3.5,4.2,4.3,4,2.2,4.5,4,2.2,4.2,yes,Scott,Much better than the first time we tried this location ,,0,NA,NA,NA,NA,NA,NA,NA,NA,NA,NA,NA,NA,NA,NA,NA,NA,NA,NA,NA,NA,NA,NA,NA,NA,NA,NA,NA,NA,NA,NA,NA,NA,NA,NA,NA
taco stand encinitas,california ,10/29/16,encinitas ,642 S Coast Hwy 101,4,4.4,No,7.49,2,18.5,22,0.71,3.8,3.8,4,4.2,3.75,4,4.75,4.4,3.8,4.2,yes,Emily,Possibly favorite green salsa so far,,0,NA,NA,NA,NA,NA,NA,NA,NA,NA,NA,NA,NA,NA,NA,NA,NA,NA,NA,NA,NA,NA,NA,NA,NA,NA,NA,NA,NA,NA,NA,NA,NA,NA,NA,NA
jorge's mexicatessen,chimichanga beef,4/24/16,encinitas ,267 N El Camino Real,4,4.5,No,5.5,3,NA,NA,NA,2,4,3,3,3,4,3.5,3.5,NA,3,no,Emily,,,0,1,1,1,1,NA,1,NA,NA,NA,NA,1,1,NA,NA,NA,NA,NA,1,NA,NA,NA,NA,NA,NA,NA,NA,NA,NA,NA,NA,NA,NA,NA,NA,NA
los panchos taco shop,bitchin california,11/23/16,hillcrest,409 Washington St,3,3.4,Yes,7.25,4,19,24,0.87,4,4,5,4.5,4,3.5,5,4.5,5,4.4,yes,Richard,,,0,1,NA,1,1,1,NA,NA,NA,1,NA,NA,NA,1,1,NA,NA,NA,NA,NA,NA,NA,NA,NA,NA,NA,NA,NA,NA,NA,NA,NA,NA,NA,NA,NA
los panchos taco shop,california,11/23/16,hillcrest,409 Washington St,3,3.4,Yes,6.25,3,18,21.5,0.66,3.5,5,4,3,4,3,3.5,3.5,3,3.7,yes,Scott,,,0,1,1,NA,1,1,1,NA,NA,NA,NA,NA,NA,NA,NA,NA,NA,NA,NA,NA,NA,NA,NA,NA,NA,NA,NA,NA,NA,NA,NA,NA,NA,NA,NA,NA
el cuervo,california ,9/22/16,hillcrest,110 Washington St,4,4.3,No,6.95,3.5,20,21.5,0.74,3.5,3.5,3,4,3,3,4.5,3.5,2,3.6,yes,Scott,Alfajores dessert and horchata are super good,,0,1,1,1,1,1,1,NA,NA,NA,NA,NA,NA,NA,NA,NA,NA,NA,NA,NA,NA,NA,NA,NA,NA,NA,NA,NA,NA,NA,NA,NA,NA,NA,NA,NA
el cuervo,pollo adobado,9/22/16,hillcrest,110 Washington St,4,4.3,No,5.95,4,20.5,20,0.65,3.5,5,4.5,3.5,4,4.5,4.5,4,5,4,yes,Richard,First burrito I enjoyed from top to bottom,,0,NA,NA,1,NA,NA,NA,1,NA,NA,NA,NA,NA,NA,NA,NA,NA,NA,NA,NA,NA,NA,NA,NA,NA,NA,NA,NA,NA,NA,NA,NA,NA,NA,NA,NA
los panchos taco shop,tijuana,11/23/16,hillcrest,409 Washington St,3,3.4,Yes,7,3.5,19.5,22,0.75,4,4,3.5,4,4,3.5,4.5,4,3.5,3.7,yes,Tom,,,0,NA,NA,NA,NA,NA,NA,NA,NA,NA,NA,NA,NA,NA,NA,NA,NA,NA,NA,NA,NA,NA,NA,NA,NA,NA,NA,NA,NA,NA,NA,NA,NA,NA,NA,NA
tacos la bala,barbacoa ,9/5/16,houston,5800 Bellaire Blvd,4.5,4.1,No,4.99,2.5,16.5,22,0.64,2,2.5,3.5,2,3,2.5,2,2.5,2.5,2.4,no,Emily,"Burritos cut in half, felt like a wrap instead of a burrito",,1,NA,NA,NA,NA,NA,NA,NA,NA,NA,NA,NA,NA,NA,NA,NA,NA,NA,NA,NA,NA,NA,NA,NA,NA,NA,NA,NA,NA,NA,NA,NA,NA,NA,NA,NA
tacos la bala,al pastor,9/5/16,houston,5800 Bellaire Blvd,4.5,4.1,No,4.99,3.5,NA,NA,NA,2.5,2.5,4,2.5,1,1,2,4,0,2.5,no,Scott,Everything is in spanish. Get a taco or sope,,1,NA,NA,NA,NA,NA,NA,NA,NA,NA,NA,NA,NA,NA,NA,NA,NA,NA,NA,NA,NA,NA,NA,NA,NA,NA,NA,NA,NA,NA,NA,NA,NA,NA,NA,NA
lolita's taco shop,2 in 1,2/24/16,kearny mesa,7305 Clairemont Mesa Blvd,4,4.4,No,8.75,3.5,NA,NA,NA,1.5,2,3,3.5,4,1,3.5,4.5,4,4,NA,Scott,Rolled tacos need more meat,,0,1,NA,1,1,NA,NA,NA,NA,NA,NA,NA,NA,NA,NA,NA,NA,NA,NA,NA,NA,NA,1,NA,NA,NA,NA,NA,NA,NA,NA,NA,NA,NA,NA,NA
lolita's taco shop,2 in 1,5/12/16,kearny mesa,7305 Clairemont Mesa Blvd,4,4.4,No,8.75,3,19,21.5,0.7,3,4,2.7,4.7,3,2.4,2,3.7,4.5,3.7,yes,Bankole,,,0,1,NA,1,1,NA,NA,NA,NA,NA,NA,NA,NA,NA,NA,NA,NA,NA,NA,NA,NA,NA,1,NA,NA,NA,NA,NA,NA,NA,NA,NA,NA,NA,NA,NA
lolita's taco shop,2 in 1,5/12/16,kearny mesa,7305 Clairemont Mesa Blvd,4,4.4,No,8.75,4,17.78,22.225,0.7,4.5,3.8,3.8,4.5,3.4,1.5,3,3.8,4,3.8,yes,Katie,,,0,1,NA,1,1,NA,NA,NA,NA,NA,NA,NA,NA,NA,NA,NA,NA,NA,NA,NA,NA,NA,1,NA,NA,NA,NA,NA,NA,NA,NA,NA,NA,NA,NA,NA
lolita's taco shop,adobada ,2/24/16,kearny mesa,7305 Clairemont Mesa Blvd,4,4.4,No,5.5,2.5,NA,NA,NA,1.5,2.5,3.5,3,4,1.5,2.5,3.5,4.5,3.5,NA,Emily,Adobado reminds me of Indian food because of some mystery spice,,0,NA,1,1,NA,NA,NA,1,NA,NA,NA,NA,NA,NA,NA,NA,NA,NA,NA,NA,NA,NA,NA,NA,NA,NA,NA,NA,NA,NA,NA,NA,NA,NA,NA,NA
lolita's taco shop,bean and cheese,5/19/16,kearny mesa,7305 Clairemont Mesa Blvd,4,4.4,No,NA,4.3,NA,NA,NA,3.8,4,NA,4.7,NA,5,NA,4.7,5,4.8,yes,,,x,0,NA,NA,NA,NA,NA,NA,NA,NA,NA,NA,NA,NA,NA,NA,NA,NA,NA,NA,NA,NA,NA,NA,NA,NA,NA,NA,NA,NA,NA,NA,NA,NA,NA,NA,NA
lolita's taco shop,bean and cheese,5/27/16,kearny mesa,7305 Clairemont Mesa Blvd,4,4.4,No,3.5,1,16,20,0.51,3.5,4.5,NA,3,NA,4,3,2.5,4,2.7,no,Scott,,,0,NA,NA,NA,1,NA,NA,NA,NA,NA,NA,NA,1,NA,NA,NA,NA,NA,NA,NA,NA,NA,NA,NA,NA,NA,NA,NA,NA,NA,NA,NA,NA,NA,NA,NA
lolita's taco shop,california,5/12/16,kearny mesa,7305 Clairemont Mesa Blvd,4,4.4,No,7,3.5,17.5,24.5,0.84,3,5,3,3.5,3,1.5,3,3,4,3.3,no,Scott,,,0,1,NA,NA,1,1,1,NA,NA,NA,NA,NA,NA,NA,NA,NA,NA,NA,NA,NA,NA,NA,NA,NA,NA,NA,NA,NA,NA,NA,NA,NA,NA,NA,NA,NA
lolita's taco shop,california,6/23/16,kearny mesa,7305 Clairemont Mesa Blvd,4,4.4,No,7,2.2,18,25,0.9,2.8,3,3,2,2,4.5,2,1.5,4.5,2.3,no,Scott,,,0,1,NA,NA,1,1,1,NA,NA,NA,NA,NA,NA,NA,NA,NA,NA,NA,NA,NA,NA,NA,NA,NA,NA,NA,NA,NA,NA,NA,NA,NA,NA,NA,NA,NA
lolita's taco shop,california,6/23/16,kearny mesa,7305 Clairemont Mesa Blvd,4,4.4,No,7,3.5,18,23.5,0.79,4,4,4,3,4,5,4,4,5,4,yes,Cris,,,0,1,NA,NA,1,1,1,NA,NA,NA,NA,NA,NA,NA,NA,NA,NA,NA,NA,NA,NA,NA,NA,NA,NA,NA,NA,NA,NA,NA,NA,NA,NA,NA,NA,NA
lolita's taco shop,california,6/23/16,kearny mesa,7305 Clairemont Mesa Blvd,4,4.4,No,7,3,19,24,0.87,3.5,2,3,4,2,4,3,3,4,3,NA,Matt,,,0,1,NA,1,1,1,1,NA,NA,NA,NA,NA,NA,NA,NA,NA,NA,NA,NA,NA,NA,NA,NA,NA,NA,NA,NA,NA,NA,NA,NA,NA,NA,NA,NA,NA
lolita's taco shop,carne asada,5/27/16,kearny mesa,7305 Clairemont Mesa Blvd,4,4.4,No,6.25,4,15,20.5,0.5,1.5,2.5,3,4.5,4,2,2.75,3.75,3,2.6,no,Scott,Way too small,,0,1,1,1,NA,NA,NA,NA,NA,NA,NA,NA,NA,NA,NA,NA,NA,NA,NA,NA,NA,NA,NA,NA,NA,NA,NA,NA,NA,NA,NA,NA,NA,NA,NA,NA
pokirrito,mauna lani,5/29/16,kearny mesa,4646 Convoy St,4,4.3,Yes,11.95,3,20,22.75,0.82,3,4,4,4,3,2.5,4.5,4,1.5,4,yes,Emily,,x,0,NA,NA,NA,NA,NA,NA,NA,NA,NA,NA,NA,NA,NA,NA,NA,NA,NA,NA,NA,NA,NA,NA,NA,NA,NA,NA,NA,NA,NA,NA,NA,1,NA,NA,NA
lolita's taco shop,mixed,6/23/16,kearny mesa,7305 Clairemont Mesa Blvd,4,4.4,No,8.25,4,NA,NA,NA,4,3,4,4,4,5,3,4,5,3.5,yes,Marc,,,0,1,NA,1,1,NA,NA,NA,NA,NA,NA,NA,1,NA,NA,NA,NA,NA,NA,NA,NA,NA,NA,NA,NA,NA,NA,NA,NA,NA,NA,NA,NA,NA,NA,NA
pokirrito,pokirrito classic ,5/29/16,kearny mesa,4646 Convoy St,4,4.3,Yes,11.95,4,18,23.5,0.79,3.5,4,4,4.5,2.5,2.5,3,4,2,4.2,yes,Scott,Lotus chips add good crunch,x,0,NA,NA,NA,NA,NA,NA,NA,NA,NA,NA,NA,NA,NA,NA,NA,NA,NA,NA,NA,NA,NA,NA,NA,NA,NA,NA,NA,NA,NA,NA,NA,1,NA,NA,NA
lolita's taco shop,shrimp,5/27/16,kearny mesa,7305 Clairemont Mesa Blvd,4,4.4,No,8.95,3.5,18.5,25,0.92,3,3,4,4,3.5,3.5,2.5,4,0.5,3,yes,Emily,,,0,NA,1,NA,NA,NA,NA,NA,NA,1,NA,NA,NA,1,NA,NA,NA,NA,1,NA,NA,NA,NA,NA,NA,NA,NA,NA,NA,NA,NA,NA,NA,NA,NA,NA
taco stand,al pastor,3/18/16,la jolla,621 Pearl St,4.5,4.4,No,6.99,4,NA,NA,NA,4,3,3.5,3,4,5,3,3.5,5,3.5,NA,Emily,Kind of dry ,,0,NA,NA,NA,NA,NA,NA,1,NA,NA,NA,NA,NA,NA,NA,NA,NA,NA,NA,NA,1,1,NA,1,NA,NA,NA,NA,NA,NA,NA,NA,NA,NA,NA,NA
taco stand,al pastor,6/6/16,la jolla,621 Pearl St,4.5,4.4,No,6.99,3.5,18.5,21,0.65,4,3.5,4,3.5,4,5,2.5,4,4.5,3.9,yes,Scott,,,0,NA,NA,NA,NA,NA,NA,1,NA,NA,NA,NA,NA,NA,NA,NA,NA,NA,1,NA,1,1,NA,1,NA,NA,NA,NA,NA,NA,NA,NA,NA,NA,NA,NA
taco stand,al pastor,6/6/16,la jolla,621 Pearl St,4.5,4.4,No,6.99,5,NA,NA,NA,4,4,4,4,2,3,3,4,3,3.5,yes,Brad P,,,0,NA,NA,NA,NA,NA,NA,1,NA,NA,NA,NA,NA,NA,NA,NA,NA,NA,1,NA,1,1,NA,1,NA,NA,NA,NA,NA,NA,NA,NA,NA,NA,NA,NA
taco stand,al pastor,9/16/16,la jolla,621 Pearl St,4.5,4.4,No,6.99,4,NA,NA,NA,4.5,4,4.5,4.5,4.5,4.5,4.5,5,4,4.5,yes,Mike,,,0,NA,NA,NA,NA,NA,NA,NA,NA,NA,NA,NA,NA,NA,NA,NA,NA,NA,NA,NA,NA,NA,NA,NA,NA,NA,NA,NA,NA,NA,NA,NA,NA,NA,NA,NA
storehouse kitchen ,breakfast,10/17/16,la jolla,,NA,NA,No,NA,3.5,NA,NA,NA,4,5,4.5,4.2,4.7,4.4,4,4.9,5,4.6,yes,Sage,one if the best breakfast burritos I've ever had,x,0,NA,NA,NA,NA,NA,NA,NA,NA,NA,NA,NA,NA,NA,NA,NA,NA,NA,NA,NA,NA,NA,NA,NA,NA,NA,NA,NA,NA,NA,NA,NA,NA,NA,NA,NA
rigoberto's taco shop la jolla,california,2/17/16,la jolla,7345 La Jolla Blvd,2.5,4,No,6.4,4,NA,NA,NA,3,4,2.75,3,4,2,2,NA,5,3,NA,Leo,,,0,1,1,NA,NA,1,NA,NA,NA,NA,NA,NA,NA,NA,NA,NA,NA,NA,NA,NA,NA,NA,NA,NA,NA,NA,NA,NA,NA,NA,NA,NA,NA,NA,NA,NA
rigoberto's taco shop la jolla,california,2/17/16,la jolla,7345 La Jolla Blvd,2.5,4,No,6.4,2.5,NA,NA,NA,3.5,3,3,3,4,4,1.5,NA,4.5,3.5,NA,Scott,,,0,1,1,NA,NA,1,NA,NA,NA,NA,NA,NA,NA,NA,NA,NA,NA,NA,NA,NA,NA,NA,NA,NA,NA,NA,NA,NA,NA,NA,NA,NA,NA,NA,NA,NA
rigoberto's taco shop la jolla,california,2/15/17,la jolla,7345 La Jolla Blvd,2.5,4,No,6.85,3.5,NA,NA,NA,3,2,3.5,3.5,4,3,3.5,3.5,4.5,3.6,NA,Scott,,,0,NA,NA,NA,NA,NA,NA,NA,NA,NA,NA,NA,NA,NA,NA,NA,NA,NA,NA,NA,NA,NA,NA,NA,NA,NA,NA,NA,NA,NA,NA,NA,NA,NA,NA,NA
rigoberto's taco shop la jolla,california,2/15/17,la jolla,7345 La Jolla Blvd,2.5,4,No,6.85,4,NA,NA,NA,5,5,4.5,4,5,4,4,5,5,4.3,NA,Nihal,,,0,NA,NA,NA,NA,NA,NA,NA,NA,NA,NA,NA,NA,NA,NA,NA,NA,NA,NA,NA,NA,NA,NA,NA,NA,NA,NA,NA,NA,NA,NA,NA,NA,NA,NA,NA
taco stand,california,2/12/16,la jolla,621 Pearl St,4.5,4.4,No,7.49,4,NA,NA,NA,3,2.5,4,4,3.5,2.5,3.5,5,4.5,4.2,NA,Emily,Horchata is very sweet,,0,1,1,1,1,1,1,NA,NA,NA,NA,NA,NA,NA,NA,NA,NA,NA,NA,NA,NA,NA,NA,NA,NA,NA,NA,NA,NA,NA,NA,NA,NA,NA,NA,NA
taco stand,california,2/28/16,la jolla,621 Pearl St,4.5,4.4,No,7.49,2.5,NA,NA,NA,4,3,4,4,4,4,4,4,3,4.6,NA,Scott,,,0,1,1,1,1,1,1,NA,NA,NA,NA,NA,NA,NA,NA,NA,NA,NA,NA,NA,NA,NA,NA,NA,NA,NA,NA,NA,NA,NA,NA,NA,NA,NA,NA,NA
taco stand,california,2/28/16,la jolla,621 Pearl St,4.5,4.4,No,7.49,2.5,NA,NA,NA,3,2,4.5,4,4,3.5,3,4.5,4.5,4.5,NA,Emily,,,0,1,1,1,1,1,1,NA,NA,NA,NA,NA,NA,NA,NA,NA,NA,NA,NA,NA,NA,NA,NA,NA,NA,NA,NA,NA,NA,NA,NA,NA,NA,NA,NA,NA
taco stand,california,4/25/26,la jolla,621 Pearl St,4.5,4.4,No,8,4,21.59,NA,NA,4.5,5,5,5,4.5,5,3,5,5,4.9,yes,Sage,A wonderful eating experience. best California burrito I've ever had by far. ,,0,1,1,1,1,1,NA,NA,NA,NA,NA,NA,NA,NA,NA,NA,NA,NA,NA,NA,NA,NA,NA,NA,NA,NA,NA,NA,NA,NA,NA,NA,NA,NA,NA,NA
taco stand,california,5/6/16,la jolla,621 Pearl St,4.5,4.4,No,7.49,3.5,19,22,0.73,3.5,4,4,4,3.5,3,4,4.5,3,4.2,yes,Scott,Less meat than usual,,0,1,1,1,1,1,1,NA,NA,NA,NA,NA,NA,NA,NA,NA,NA,NA,NA,NA,NA,NA,NA,NA,NA,NA,NA,NA,NA,NA,NA,NA,NA,NA,NA,NA
taco stand,california,5/6/16,la jolla,621 Pearl St,4.5,4.4,No,7.49,4,16.5,25,0.82,4,3.5,4,4,4.5,5,4.5,5,4.5,4.5,yes,Ricardo,,,0,1,1,1,1,1,1,NA,NA,NA,NA,NA,NA,NA,NA,NA,NA,NA,NA,NA,NA,NA,NA,NA,NA,NA,NA,NA,NA,NA,NA,NA,NA,NA,NA,NA
taco stand,california,5/6/16,la jolla,621 Pearl St,4.5,4.4,No,7.49,4,17,25.5,0.88,3,3,4,3.5,3.5,4,3.5,4,2.5,3.7,yes,Luis,,,0,1,1,1,1,1,1,NA,NA,NA,NA,NA,NA,NA,NA,NA,NA,NA,NA,NA,NA,NA,NA,NA,NA,NA,NA,NA,NA,NA,NA,NA,NA,NA,NA,NA
taco stand,california,5/6/16,la jolla,621 Pearl St,4.5,4.4,No,7.49,3,17.7,21.5,0.65,4,2,5,5,1,3,5,4,3,4,yes,Elynn,,,0,1,1,1,1,1,1,NA,NA,NA,NA,NA,NA,NA,NA,NA,NA,NA,NA,NA,NA,NA,NA,NA,NA,NA,NA,NA,NA,NA,NA,NA,NA,NA,NA,NA
taco stand,california,5/6/16,la jolla,621 Pearl St,4.5,4.4,No,7.49,1,20,23.5,0.88,4,3,4,4.5,5,4.5,3,4.5,4,4,yes,Sandra,,,0,1,1,1,1,1,1,NA,NA,NA,NA,NA,NA,NA,NA,NA,NA,NA,NA,NA,NA,NA,NA,NA,NA,NA,NA,NA,NA,NA,NA,NA,NA,NA,NA,NA
taco stand,california,9/16/16,la jolla,621 Pearl St,4.5,4.4,No,7.49,4.1,NA,NA,NA,4,4.5,4.5,4.5,4.7,4.5,4.2,4.5,5,4.7,yes,Luis,,,0,NA,NA,NA,NA,NA,NA,NA,NA,NA,NA,NA,NA,NA,NA,NA,NA,NA,NA,NA,NA,NA,NA,NA,NA,NA,NA,NA,NA,NA,NA,NA,NA,NA,NA,NA
taco stand,california ,8/17/16,la jolla,621 Pearl St,4.5,4.4,No,7.49,2,18.5,21.5,0.68,4,5,4.5,3.5,3.5,2,3.5,4,5,4,yes,Scott,,,0,1,1,1,1,1,1,NA,NA,NA,NA,NA,NA,NA,NA,NA,NA,NA,NA,NA,NA,NA,NA,NA,NA,NA,NA,NA,NA,NA,NA,NA,NA,NA,NA,NA
taco stand,california ,8/17/16,la jolla,621 Pearl St,4.5,4.4,No,7.49,2.5,16.5,23.5,0.73,3.5,5,4,3,4,4.5,3,3.5,5,4,yes,TJ,,,0,1,1,1,1,1,1,NA,NA,NA,NA,NA,NA,NA,NA,NA,NA,NA,NA,NA,NA,NA,NA,NA,NA,NA,NA,NA,NA,NA,NA,NA,NA,NA,NA,NA
goody's,carne asada,5/21/16,la jolla,Marshall College,3.5,4.1,No,6.25,4.5,NA,NA,NA,3.5,3,2,2,2.5,3,2,1.5,1,2,no,Kevin,"Sucks, but it is okay.",x,0,NA,NA,NA,NA,NA,NA,NA,NA,NA,NA,NA,NA,NA,NA,NA,NA,NA,NA,NA,NA,NA,NA,NA,NA,NA,NA,NA,NA,NA,NA,NA,NA,NA,NA,NA
taco stand,carne asada,3/18/16,la jolla,621 Pearl St,4.5,4.4,No,7.89,1,NA,NA,NA,3,3.5,4.5,4,5,5,4.5,3.5,5,4.2,NA,Scott,,,0,1,1,1,NA,NA,NA,NA,NA,NA,NA,NA,NA,NA,NA,NA,NA,NA,NA,NA,NA,NA,NA,NA,NA,NA,NA,NA,NA,NA,NA,NA,NA,NA,NA,NA
taco stand,carne asada,4/14/16,la jolla,621 Pearl St,4.5,4.4,No,7.89,3.5,NA,NA,NA,3,2,4.5,4,4,1.5,4.5,4.5,4.5,4.4,yes,Scott,Too small ,,0,1,1,1,NA,NA,NA,NA,NA,NA,NA,NA,NA,NA,NA,NA,NA,NA,NA,NA,NA,NA,NA,NA,NA,NA,NA,NA,NA,NA,NA,NA,NA,NA,NA,NA
taco stand,carne asada,4/14/16,la jolla,621 Pearl St,4.5,4.4,No,7.89,2,NA,NA,NA,3,2.5,4.5,3.5,4.5,3,4,3.5,5,3.5,yes,Richard,A little small. No rice and beans or cheese or sour cream,,0,1,1,1,NA,NA,NA,NA,NA,NA,NA,NA,NA,NA,NA,NA,NA,NA,NA,NA,NA,NA,NA,NA,NA,NA,NA,NA,NA,NA,NA,NA,NA,NA,NA,NA
taco stand,carne asada,5/6/16,la jolla,621 Pearl St,4.5,4.4,No,7.89,4,18,25,0.9,4,2,4,3,4,4,4,3.5,4,3.5,yes,Brent,,,0,1,1,1,NA,NA,NA,NA,NA,NA,NA,NA,NA,NA,NA,NA,NA,NA,NA,NA,NA,NA,NA,NA,NA,NA,NA,NA,NA,NA,NA,NA,NA,NA,NA,NA
goody's,custom,5/20/16,la jolla,Marshall College,3.5,4.1,No,7.25,3.5,18.5,22.5,0.75,1.5,1,2,2,2,2,2,2,1,1.8,no,Scott,Grocery store tortilla; cold guac,,0,1,1,1,1,NA,NA,NA,NA,NA,NA,1,1,NA,NA,NA,NA,NA,NA,1,NA,NA,NA,NA,NA,NA,NA,NA,NA,NA,NA,NA,NA,NA,NA,NA
goody's,custom,5/16/11,la jolla,Marshall College,3.5,4.1,No,7.25,3.5,NA,NA,NA,3,NA,2,3,2,3,2,3,2,2,no,Albert N,"The price has gone up for the past two years. I would probably rate this lower because of it, but my scores were on raw taste only.",x,0,1,1,1,NA,NA,1,NA,NA,NA,NA,NA,NA,1,NA,NA,NA,NA,NA,NA,NA,NA,NA,NA,NA,NA,NA,NA,NA,NA,NA,NA,NA,NA,NA,NA
goody's,custom,5/20/16,la jolla,Marshall College,3.5,4.1,No,7.25,3.5,NA,NA,NA,3,NA,1,2,2,2,2,2,1,2,no,Brittany T,It's gone downhill since 2013. Expensive and only ate it because there's nothing else around. closes early. skimping on the portions.,x,0,NA,NA,NA,1,NA,1,NA,1,NA,NA,NA,1,1,NA,NA,NA,NA,NA,1,NA,NA,NA,NA,NA,NA,NA,NA,NA,NA,NA,NA,NA,NA,NA,NA
taco stand,shrimp,5/6/16,la jolla,621 Pearl St,4.5,4.4,No,8.95,5,17,22,0.65,4,4,5,5,5,4,5,5,5,5,yes,Sankeerth,,x,0,NA,NA,NA,NA,NA,NA,NA,NA,NA,NA,NA,NA,NA,NA,NA,NA,NA,NA,NA,NA,NA,NA,NA,NA,NA,NA,NA,NA,NA,NA,NA,NA,NA,NA,NA
taco stand,surf & turf,2/12/16,la jolla,621 Pearl St,4.5,4.4,No,8.49,2.5,NA,NA,NA,4,4,4.5,4,5,4.5,3.5,4,2,4.1,NA,Scott,,,0,1,1,1,NA,NA,NA,NA,NA,1,NA,NA,NA,NA,NA,NA,NA,1,NA,NA,NA,NA,NA,NA,NA,NA,NA,NA,NA,NA,NA,NA,NA,NA,NA,NA
california burritos,california,10/17/16,linda vista,7754 Starling Dr,4.5,4.4,Yes,6.95,4,22,23,0.93,4,2,4,3,4,5,3,3,4,4,yes,Elynn,,,0,NA,NA,NA,NA,NA,NA,NA,NA,NA,NA,NA,NA,NA,NA,NA,NA,NA,NA,NA,NA,NA,NA,NA,NA,NA,NA,NA,NA,NA,NA,NA,NA,NA,NA,NA
lupe's taco shop,california,1/12/17,linda vista,7621 Linda Vista Rd,3.5,4.5,Yes,7.49,3.7,20,26,1.08,4,3.5,3.9,4,3.7,2,3.5,4,4,3.9,NA,Tom,tons of french fries,,0,NA,NA,NA,NA,NA,NA,NA,NA,NA,NA,NA,NA,NA,NA,NA,NA,NA,NA,NA,NA,NA,NA,NA,NA,NA,NA,NA,NA,NA,NA,NA,NA,NA,NA,NA
california burritos,california (only cheese),4/15/16,linda vista,7754 Starling Dr,4.5,4.4,Yes,6.25,2,NA,NA,NA,5,5,5,4,4,2,NA,5,5,5,yes,Kalen,,x,0,1,NA,NA,1,1,NA,NA,NA,NA,NA,NA,NA,NA,NA,NA,NA,NA,NA,NA,NA,NA,NA,NA,NA,NA,NA,NA,NA,NA,NA,NA,NA,NA,NA,NA
california burritos,california everything,4/15/16,linda vista,7754 Starling Dr,4.5,4.4,Yes,6.25,4,NA,NA,NA,4.5,4.5,2.5,3.5,3.5,3.5,3,4,5,4.1,yes,Scott,,,0,1,1,1,1,1,1,NA,NA,NA,NA,NA,NA,NA,NA,NA,NA,NA,NA,NA,NA,NA,NA,NA,NA,NA,NA,NA,NA,NA,NA,NA,NA,NA,NA,NA
california burritos,california everything,4/15/16,linda vista,7754 Starling Dr,4.5,4.4,Yes,6.25,3.5,NA,NA,NA,4,4,4,2.5,3,3.5,4,4,5,4,no,Brent,Brent doesn't like fries in his burrito,,0,1,1,1,1,1,1,NA,NA,NA,NA,NA,NA,NA,NA,NA,NA,NA,NA,NA,NA,NA,NA,NA,NA,NA,NA,NA,NA,NA,NA,NA,NA,NA,NA,NA
california burritos,california everything,4/15/16,linda vista,7754 Starling Dr,4.5,4.4,Yes,6.25,4,NA,NA,NA,4,4.5,4.5,5,5,5,4.5,5,5,4.6,yes,Luis,,,0,1,1,1,1,1,1,NA,NA,NA,NA,NA,NA,NA,NA,NA,NA,NA,NA,NA,NA,NA,NA,NA,NA,NA,NA,NA,NA,NA,NA,NA,NA,NA,NA,NA
california burritos,california everything,6/24/16,linda vista,7754 Starling Dr,4.5,4.4,Yes,6.25,3,23.5,21.5,0.86,3.8,1.3,3.5,3.5,4.5,4.5,3.5,4,5,3.9,yes,Scott,Temperature brought it down,,0,1,1,1,1,1,NA,NA,NA,NA,NA,NA,NA,NA,NA,NA,NA,NA,NA,NA,NA,NA,NA,NA,NA,NA,NA,NA,NA,NA,NA,NA,NA,NA,NA,NA
california burritos,california everything,6/24/16,linda vista,7754 Starling Dr,4.5,4.4,Yes,6.25,4.5,22.5,22,0.87,4,4,4.5,4,4,3.5,4,4,4.5,4.25,yes,Ricardo,,,0,1,1,1,1,1,NA,NA,NA,NA,NA,NA,NA,NA,NA,NA,NA,NA,NA,NA,NA,NA,NA,NA,NA,NA,NA,NA,NA,NA,NA,NA,NA,NA,NA,NA
california burritos,california everything,6/24/16,linda vista,7754 Starling Dr,4.5,4.4,Yes,6.25,4,22.5,22,0.87,3,2.5,4,4,4,2,2,3,4,4,yes,Elynn,,,0,1,1,1,1,1,NA,NA,NA,NA,NA,NA,NA,NA,NA,NA,NA,NA,NA,NA,NA,NA,NA,NA,NA,NA,NA,NA,NA,NA,NA,NA,NA,NA,NA,NA
california burritos,california everything,6/24/16,linda vista,7754 Starling Dr,4.5,4.4,Yes,6.25,3,23,22.5,0.93,5,4,4,4.5,4,4.5,NA,4,4,4.5,yes,Erin,,,0,1,1,1,1,1,NA,NA,NA,NA,NA,NA,NA,NA,NA,NA,NA,NA,NA,NA,NA,NA,NA,NA,NA,NA,NA,NA,NA,NA,NA,NA,NA,NA,NA,NA
california burritos,california everything,6/24/16,linda vista,7754 Starling Dr,4.5,4.4,Yes,6.25,4,NA,NA,NA,4,3.5,4.5,4,4.5,4,4.5,4.5,5,4.5,yes,Luis,,,0,1,1,1,1,1,NA,NA,NA,NA,NA,NA,NA,NA,NA,NA,NA,NA,NA,NA,NA,NA,NA,NA,NA,NA,NA,NA,NA,NA,NA,NA,NA,NA,NA,NA
california burritos,california everything,8/1/16,linda vista,7754 Starling Dr,4.5,4.4,Yes,6.25,4,22,20.8,0.76,4,4,3.5,4,3,4,4,3.5,4.5,3.75,yes,Ricardo,,,0,1,1,1,1,1,NA,NA,NA,NA,NA,NA,NA,NA,NA,NA,NA,NA,NA,NA,NA,NA,NA,NA,NA,NA,NA,NA,NA,NA,NA,NA,NA,NA,NA,NA
california burritos,california everything,8/1/16,linda vista,7754 Starling Dr,4.5,4.4,Yes,6.25,4,22.5,21.5,0.83,3,2,4,5,4,4,3,4,3,4,yes,Elynn,,,0,1,1,1,1,1,NA,NA,NA,NA,NA,NA,NA,NA,NA,NA,NA,NA,NA,NA,NA,NA,NA,NA,NA,NA,NA,NA,NA,NA,NA,NA,NA,NA,NA,NA
california burritos,california everything,8/1/16,linda vista,7754 Starling Dr,4.5,4.4,Yes,6.25,4,23,21.5,0.85,4,3.5,3.5,4,3.5,4,3.5,4,4.5,4,yes,Matteo,,,0,1,1,1,1,1,NA,NA,NA,NA,NA,NA,NA,NA,NA,NA,NA,NA,NA,NA,NA,NA,NA,NA,NA,NA,NA,NA,NA,NA,NA,NA,NA,NA,NA,NA
california burritos,california everything,8/1/16,linda vista,7754 Starling Dr,4.5,4.4,Yes,6.25,3.5,21,22.5,0.85,3.5,2,3,3.5,3.5,2.5,2.5,3.5,4.5,3.4,yes,Scott,,,0,1,1,1,1,1,NA,NA,NA,NA,NA,NA,NA,NA,NA,NA,NA,NA,NA,NA,NA,NA,NA,NA,NA,NA,NA,NA,NA,NA,NA,NA,NA,NA,NA,NA
california burritos,california everything,8/1/16,linda vista,7754 Starling Dr,4.5,4.4,Yes,6.25,3,22.5,21,0.79,4,4,4.5,5,4.75,5,4,4.5,4.5,NA,yes,Aga,,,0,1,1,1,1,1,NA,NA,NA,NA,NA,NA,NA,NA,NA,NA,NA,NA,NA,NA,NA,NA,NA,NA,NA,NA,NA,NA,NA,NA,NA,NA,NA,NA,NA,NA
california burritos,california everything,4/7/17,linda vista,7754 Starling Dr,4.5,4.4,Yes,6.5,4.5,22.5,21.5,0.83,4.5,3,3.5,4.5,3.5,4,3.5,4.3,4.3,4.1,NA,Scott,,,0,NA,NA,NA,NA,NA,NA,NA,NA,NA,NA,NA,NA,NA,NA,NA,NA,NA,NA,NA,NA,NA,NA,NA,NA,NA,NA,NA,NA,NA,NA,NA,NA,NA,NA,NA
california burritos,california everything,4/7/17,linda vista,7754 Starling Dr,4.5,4.4,Yes,6.5,4,23,21.5,0.85,4,3.5,4.5,4,3.5,4.5,4,4,4.5,4,NA,Ricardo,,,0,NA,NA,NA,NA,NA,NA,NA,NA,NA,NA,NA,NA,NA,NA,NA,NA,NA,NA,NA,NA,NA,NA,NA,NA,NA,NA,NA,NA,NA,NA,NA,NA,NA,NA,NA
california burritos,california everything,4/7/17,linda vista,7754 Starling Dr,4.5,4.4,Yes,6.5,4,21.3,23.8,0.96,3,3,4,4,4,4,3,4,4,4,NA,Clark,,,0,NA,NA,NA,NA,NA,NA,NA,NA,NA,NA,NA,NA,NA,NA,NA,NA,NA,NA,NA,NA,NA,NA,NA,NA,NA,NA,NA,NA,NA,NA,NA,NA,NA,NA,NA
california burritos,california everything mini,4/7/17,linda vista,7754 Starling Dr,4.5,4.4,Yes,4.75,4,18,17,0.41,4,4,4.5,4.3,4.5,4.5,4.8,4.8,5,4.5,NA,Luis,,,0,NA,NA,NA,NA,NA,NA,NA,NA,NA,NA,NA,NA,NA,NA,NA,NA,NA,NA,NA,NA,NA,NA,NA,NA,NA,NA,NA,NA,NA,NA,NA,NA,NA,NA,NA
california burritos,carne asada,6/24/16,linda vista,7754 Starling Dr,4.5,4.4,Yes,6.25,3,23,23,0.97,4,3,4,3,4,3,3,4,4,4,yes,Brent,,,0,1,1,1,1,NA,1,NA,NA,NA,NA,NA,NA,NA,NA,NA,NA,NA,NA,NA,NA,NA,NA,NA,NA,NA,NA,NA,NA,NA,NA,NA,NA,NA,NA,NA
california burritos,carne asada,6/24/16,linda vista,7754 Starling Dr,4.5,4.4,Yes,6.25,4.5,21.5,20.5,0.72,4,5,4.5,4,4.5,4,3,4,5,4.5,yes,Daniel,,,0,1,1,1,1,NA,1,NA,NA,NA,NA,NA,NA,NA,NA,NA,NA,NA,NA,NA,NA,NA,NA,NA,NA,NA,NA,NA,NA,NA,NA,NA,NA,NA,NA,NA
california burritos,carne asada,6/24/16,linda vista,7754 Starling Dr,4.5,4.4,Yes,6.25,5,23,21.5,0.85,4,3,5,4,4,4,5,5,3,4.2,yes,Alejandro,,,0,1,1,1,1,NA,1,NA,NA,NA,NA,NA,NA,NA,NA,NA,NA,NA,NA,NA,NA,NA,NA,NA,NA,NA,NA,NA,NA,NA,NA,NA,NA,NA,NA,NA
california burritos,carne asada,8/1/16,linda vista,7754 Starling Dr,4.5,4.4,Yes,6.25,4.5,22,20,0.7,4.5,4,4,4.5,4,4,4.5,4.5,4,4,yes,Brent,,,0,1,1,1,1,NA,1,NA,NA,NA,NA,NA,NA,NA,NA,NA,NA,NA,NA,NA,NA,NA,NA,NA,NA,NA,NA,NA,NA,NA,NA,NA,NA,NA,NA,NA
california burritos,carnitas,6/24/16,linda vista,7754 Starling Dr,4.5,4.4,Yes,5.5,4.5,21.5,20,0.68,5,4,5,4,4.5,4,4,4.5,4,4.5,yes,Matteo,,,0,NA,NA,1,NA,NA,NA,1,NA,NA,NA,NA,NA,NA,NA,NA,NA,NA,NA,NA,NA,NA,NA,NA,NA,NA,NA,NA,NA,NA,NA,NA,NA,NA,NA,NA
california burritos,chile relleno and carnitas,4/15/16,linda vista,7754 Starling Dr,4.5,4.4,Yes,6.5,5,NA,NA,NA,4.5,5,5,5,5,4,4,5,5,4.7,yes,Karl,,x,0,NA,1,NA,1,NA,1,1,NA,NA,NA,1,NA,NA,NA,NA,NA,NA,NA,NA,NA,NA,NA,NA,NA,1,NA,NA,NA,NA,NA,NA,NA,NA,NA,NA
lupe's taco shop,hot cheetos,1/12/17,linda vista,7621 Linda Vista Rd,3.5,4.5,Yes,7.29,3.5,19,21.5,0.7,3,2,3.5,3.5,3,2.5,3.7,3.2,4.2,3.7,NA,Scott,"Cheese is cold, but guac, salsa, and chips are good",,0,NA,NA,NA,NA,NA,NA,NA,NA,NA,NA,NA,NA,NA,NA,NA,NA,NA,NA,NA,NA,NA,NA,NA,NA,NA,NA,NA,NA,NA,NA,NA,NA,NA,NA,NA
lupe's taco shop,spicy a la diabla,1/12/17,linda vista,7621 Linda Vista Rd,3.5,4.5,Yes,7.49,5,18,22,0.69,4,4,4,2,3,0,NA,1,2,2,NA,Rob L,way too spicy,,0,NA,NA,NA,NA,NA,NA,NA,NA,NA,NA,NA,NA,NA,NA,NA,NA,NA,NA,NA,NA,NA,NA,NA,NA,NA,NA,NA,NA,NA,NA,NA,NA,NA,NA,NA
california burritos,surf & turf,8/1/16,linda vista,7754 Starling Dr,4.5,4.4,Yes,7,4.31,NA,NA,NA,3,2.5,3.5,3,3.5,4,3,3,4,NA,yes,Hannah,,,0,NA,NA,NA,NA,NA,NA,NA,NA,NA,NA,NA,NA,NA,NA,NA,NA,NA,NA,NA,NA,NA,NA,NA,NA,NA,NA,NA,NA,NA,NA,NA,NA,NA,NA,NA
california burritos,surf & turf,10/17/16,linda vista,7754 Starling Dr,4.5,4.4,Yes,7,4,22.5,21,0.79,3,3,3.5,4,4,3,3,4,3.5,5,NA,Hannah,,,0,NA,NA,NA,NA,NA,NA,NA,NA,NA,NA,NA,NA,NA,NA,NA,NA,NA,NA,NA,NA,NA,NA,NA,NA,NA,NA,NA,NA,NA,NA,NA,NA,NA,NA,NA
california burritos,surf & turf,4/7/17,linda vista,7754 Starling Dr,4.5,4.4,Yes,6.75,4,24.5,22.5,0.99,4,4,4,3.5,3.5,3,2,3.5,3.5,3.5,NA,Hannah,,,0,NA,NA,NA,NA,NA,NA,NA,NA,NA,NA,NA,NA,NA,NA,NA,NA,NA,NA,NA,NA,NA,NA,NA,NA,NA,NA,NA,NA,NA,NA,NA,NA,NA,NA,NA
california burritos,surf & turf,4/7/17,linda vista,7754 Starling Dr,4.5,4.4,Yes,6.75,4,NA,NA,NA,3,5,5,NA,NA,5,NA,4,5,4.5,NA,Justin C,,,0,NA,NA,NA,NA,NA,NA,NA,NA,NA,NA,NA,NA,NA,NA,NA,NA,NA,NA,NA,NA,NA,NA,NA,NA,NA,NA,NA,NA,NA,NA,NA,NA,NA,NA,NA
lupe's taco shop,surfin california,1/12/17,linda vista,7621 Linda Vista Rd,3.5,4.5,Yes,7.89,3,18.5,25.5,0.96,4,5,4.5,4,4.5,3.5,3,4.5,2.5,4.25,NA,Richard,quality ingredients,,0,NA,NA,NA,NA,NA,NA,NA,NA,NA,NA,NA,NA,NA,NA,NA,NA,NA,NA,NA,NA,NA,NA,NA,NA,NA,NA,NA,NA,NA,NA,NA,NA,NA,NA,NA
lupe's taco shop,tgunz,4/25/17,linda vista,7621 Linda Vista Rd,3.5,4.5,Yes,10,3,23,29,1.54,3,4,3.2,3.5,1.8,1.8,3.5,3.7,3.5,3.9,NA,Scott,,,0,NA,NA,NA,NA,NA,NA,NA,NA,NA,NA,NA,NA,NA,NA,NA,NA,NA,NA,NA,NA,NA,NA,NA,NA,NA,NA,NA,NA,NA,NA,NA,NA,NA,NA,NA
lupe's taco shop,tgunz,4/25/17,linda vista,7621 Linda Vista Rd,3.5,4.5,Yes,10,4.2,23,29,1.54,3,4.5,3.5,3.5,2.5,2,3,3.5,4.5,3.5,NA,Ricardo,,,0,NA,NA,NA,NA,NA,NA,NA,NA,NA,NA,NA,NA,NA,NA,NA,NA,NA,NA,NA,NA,NA,NA,NA,NA,NA,NA,NA,NA,NA,NA,NA,NA,NA,NA,NA
rigoberto's taco shop,adobada,4/3/16,miramar,7094 Miramar Rd,4,4.4,No,6.6,3,NA,NA,NA,4,5,5,5,5,4,NA,4.5,5,4.5,NA,Tara,,,0,NA,NA,1,NA,NA,NA,1,NA,NA,NA,NA,NA,NA,NA,NA,NA,NA,NA,NA,NA,NA,NA,NA,NA,NA,NA,NA,NA,NA,NA,NA,NA,NA,NA,NA
rigoberto's taco shop,al pastor,4/20/15,miramar,7094 Miramar Rd,4,4.4,No,NA,4,NA,NA,NA,5,NA,5,5,5,4,5,5,5,4.8,yes,Erica,,x,0,NA,NA,NA,NA,NA,NA,NA,NA,NA,NA,NA,NA,NA,NA,NA,NA,NA,NA,NA,NA,NA,NA,NA,NA,NA,NA,NA,NA,NA,NA,NA,NA,NA,NA,NA
donato's taco shop,al pastor ,11/1/16,miramar,6780 Miramar Rd,3.5,4.2,No,5.99,4,19.5,21.5,0.72,3,4.5,3.7,2.8,5,4.5,3,2.3,4.5,3,no,Scott,,,0,NA,1,1,NA,NA,NA,1,NA,NA,NA,NA,NA,NA,NA,NA,NA,NA,NA,NA,NA,NA,NA,NA,NA,NA,NA,NA,NA,NA,NA,NA,NA,NA,NA,NA
rigoberto's taco shop,bacon breakfast,5/13/16,miramar,7094 Miramar Rd,4,4.4,No,6.25,3.5,22,22,0.85,4,3.5,4,4,5,5,NA,5,4.5,4.2,yes,Luis,,,0,NA,NA,NA,1,1,NA,NA,NA,NA,NA,NA,NA,NA,NA,NA,NA,NA,NA,NA,NA,NA,NA,NA,NA,NA,NA,NA,NA,1,NA,1,NA,NA,NA,NA
rigoberto's taco shop,bacon breakfast,9/27/16,miramar,7094 Miramar Rd,4,4.4,No,6.3,4,22,22,0.85,4,3.6,4,4,4,4,NA,4,4,4.2,yes,Luis,,,0,NA,NA,NA,1,1,NA,NA,NA,NA,NA,NA,NA,NA,NA,NA,NA,NA,NA,NA,NA,NA,NA,NA,NA,NA,NA,NA,NA,1,NA,1,NA,NA,NA,NA
tony's fresh mexican food,battered fish ,2/11/16,miramar,7122 Miramar Rd,3,4.1,Yes,6.99,3,NA,NA,NA,3,1,1.5,2.5,4,4,3,4.5,5,2,NA,Nicole,,,0,NA,NA,NA,NA,NA,NA,NA,NA,NA,1,NA,NA,NA,NA,NA,NA,1,1,NA,NA,NA,NA,NA,NA,NA,NA,NA,NA,NA,NA,NA,NA,NA,NA,NA
california burrito company,california,10/12/16,miramar,6912 Miramar Rd,3.5,4.4,No,5.5,4,20,20,0.64,3.5,5,3,3,3.5,3.5,2,4,5,3.5,yes,Devleena,,,0,1,NA,NA,1,1,1,NA,NA,NA,NA,NA,NA,NA,NA,NA,NA,NA,NA,NA,NA,NA,NA,NA,NA,NA,NA,NA,NA,NA,NA,NA,NA,NA,NA,NA
california burrito company,california,10/12/16,miramar,6912 Miramar Rd,3.5,4.4,No,5.5,2,20,23,0.84,3,5,3,4,2,2,2,4.5,4,3.5,yes,Sankha G,,,0,1,NA,NA,1,1,1,NA,NA,NA,NA,NA,NA,NA,NA,NA,NA,NA,NA,NA,NA,NA,NA,NA,NA,NA,NA,NA,NA,NA,NA,NA,NA,NA,NA,NA
rigoberto's taco shop,california,4/7/16,miramar,7094 Miramar Rd,4,4.4,No,6.6,3,NA,NA,NA,3,5,3.5,3,4.5,2.5,3,4,4,3.6,NA,Scott,Too much enchilada sauce this time,,0,1,NA,NA,1,1,NA,NA,NA,NA,NA,NA,NA,NA,NA,NA,NA,NA,1,NA,NA,NA,NA,NA,NA,NA,NA,NA,NA,NA,NA,NA,NA,NA,NA,NA
rigoberto's taco shop,california,9/27/16,miramar,7094 Miramar Rd,4,4.4,No,6.6,3.5,22,23,0.93,4,4.5,4,4,4.5,5,4.5,4.5,4.5,4.25,yes,Ricardo,,,0,NA,NA,NA,NA,NA,NA,NA,NA,NA,NA,NA,NA,NA,NA,NA,NA,NA,NA,NA,NA,NA,NA,NA,NA,NA,NA,NA,NA,NA,NA,NA,NA,NA,NA,NA
rigoberto's taco shop,california,1/4/17,miramar,7094 Miramar Rd,4,4.4,No,6.6,NA,23,20.5,0.77,4,4.5,4,3.5,3.5,5,1.5,3.5,4.5,3.7,yes,Scott,Usually better. Too much enchilada sauce this time,,0,NA,NA,NA,NA,NA,NA,NA,NA,NA,NA,NA,NA,NA,NA,NA,NA,NA,NA,NA,NA,NA,NA,NA,NA,NA,NA,NA,NA,NA,NA,NA,NA,NA,NA,NA
sotos mexican food,california,5/4/16,miramar,6904 Miramar Rd,4.5,4.6,Yes,6.75,3,22.5,23,0.95,4.5,4,3,4,1,3,4.5,3.5,4.5,3.5,yes,Scott,Fries are good. Too little meat,,0,1,NA,1,1,1,1,NA,NA,NA,NA,NA,NA,NA,NA,NA,NA,NA,NA,NA,NA,NA,NA,NA,NA,NA,NA,NA,NA,NA,NA,NA,NA,NA,NA,NA
tony's fresh mexican food,california,2/11/16,miramar,7122 Miramar Rd,3,4.1,Yes,6.25,3.5,NA,NA,NA,3,3.5,3.5,4,2,3.5,1,4,4,3.9,NA,Scott,,,0,1,1,NA,1,1,NA,NA,NA,NA,NA,NA,NA,NA,NA,NA,NA,NA,NA,NA,NA,NA,NA,NA,NA,NA,NA,NA,NA,NA,NA,NA,NA,NA,NA,NA
tony's fresh mexican food,california,2/11/16,miramar,7122 Miramar Rd,3,4.1,Yes,6.25,3,NA,NA,NA,4,NA,2,2,4,4,NA,3,4,2.75,NA,Cris,"to-go, no guac or sour cream, fries are a small and underdone",,0,1,1,NA,1,1,NA,NA,NA,NA,NA,NA,NA,NA,NA,NA,NA,NA,NA,NA,NA,NA,NA,NA,NA,NA,NA,NA,NA,NA,NA,NA,NA,NA,NA,NA
california burrito company,california ,10/18/16,miramar,6912 Miramar Rd,3.5,4.4,No,5.5,3,17,22,0.65,3,4,4.5,3,2,4,4.5,3.5,4.5,3.5,no,Ricardo,Very plain burrito,,0,NA,NA,NA,NA,NA,NA,NA,NA,NA,NA,NA,NA,NA,NA,NA,NA,NA,NA,NA,NA,NA,NA,NA,NA,NA,NA,NA,NA,NA,NA,NA,NA,NA,NA,NA
donato's taco shop,california ,1/18/16,miramar,6780 Miramar Rd,3.5,4.2,No,6.49,3,NA,NA,NA,3,5,3,3.5,4,4,4,4,4,3.8,NA,Scott,good fries: 4/5,,0,1,1,1,1,1,NA,NA,NA,NA,NA,NA,NA,NA,NA,NA,NA,NA,NA,NA,NA,NA,NA,NA,NA,NA,NA,NA,NA,NA,NA,NA,NA,NA,NA,NA
rigoberto's taco shop,california ,4/3/16,miramar,7094 Miramar Rd,4,4.4,No,6.6,3,NA,NA,NA,3,4.5,4,4.5,4,4.5,4.5,5,4.5,4.5,NA,Scott,,,0,1,NA,NA,1,1,NA,NA,NA,NA,NA,NA,NA,NA,NA,NA,NA,NA,1,NA,NA,NA,NA,NA,NA,NA,NA,NA,NA,NA,NA,NA,NA,NA,NA,NA
rigoberto's taco shop,campeon,3/8/16,miramar,7094 Miramar Rd,4,4.4,No,7.65,3.5,NA,NA,NA,3,1.5,3,3,2.5,3,3.5,2.5,4,3.4,NA,Scott,,,0,1,1,1,1,1,1,NA,NA,NA,NA,NA,NA,NA,NA,NA,NA,NA,NA,NA,NA,NA,NA,NA,NA,NA,NA,NA,NA,NA,NA,NA,NA,NA,NA,NA
rigoberto's taco shop,campeon,9/27/16,miramar,7094 Miramar Rd,4,4.4,No,7.65,4.5,26,24.5,1.24,3.5,4.5,2.5,2.5,1,1.5,3,2.5,3,2.7,no,Scott,"The big size was too big of an appeal, but there's just not enough meat",,0,1,1,1,1,1,1,NA,NA,NA,NA,NA,NA,NA,NA,NA,NA,NA,NA,NA,NA,NA,NA,NA,NA,NA,NA,NA,NA,NA,NA,NA,NA,NA,NA,NA
donato's taco shop,carne asada,11/1/16,miramar,6780 Miramar Rd,3.5,4.2,No,5.99,2,21,23.5,0.92,2,4,4.5,4,4,3,4,4,2,4,yes,Elynn,,,0,1,1,1,NA,NA,NA,NA,NA,NA,NA,NA,NA,NA,NA,NA,NA,NA,NA,NA,NA,NA,NA,NA,NA,NA,NA,NA,NA,NA,NA,NA,NA,NA,NA,NA
rigoberto's taco shop,carne asada,3/8/16,miramar,7094 Miramar Rd,4,4.4,No,6.6,3.5,NA,NA,NA,4,2,4,3.5,4.5,4,3.5,4,1,4.25,NA,Ricardo,,,0,1,1,1,NA,NA,NA,NA,NA,NA,NA,NA,NA,NA,NA,NA,NA,NA,NA,NA,NA,NA,NA,NA,NA,NA,NA,NA,NA,NA,NA,NA,NA,NA,NA,NA
rigoberto's taco shop,carne asada,5/13/16,miramar,7094 Miramar Rd,4,4.4,No,6.6,4,22,22,0.85,4,3.5,4,4,3.5,4,4,4.5,4.5,4,yes,Ricardo,,,0,1,1,1,NA,NA,NA,NA,NA,NA,NA,NA,NA,NA,NA,NA,NA,NA,NA,NA,NA,NA,NA,NA,NA,NA,NA,NA,NA,NA,NA,NA,NA,NA,NA,NA
rigoberto's taco shop,carne asada,5/13/16,miramar,7094 Miramar Rd,4,4.4,No,6.6,4.5,23,22,0.89,4,3,3,3,3.5,3,NA,3.5,4.5,3,yes,Erin,Meat was too salty,,0,1,1,1,NA,NA,NA,NA,NA,NA,NA,NA,NA,NA,NA,NA,NA,NA,NA,NA,NA,NA,NA,NA,NA,NA,NA,NA,NA,NA,NA,NA,NA,NA,NA,NA
rigoberto's taco shop,carnitas,5/13/16,miramar,7094 Miramar Rd,4,4.4,No,7.5,4,23.5,22.5,0.95,4,5,4,5,5,4,5,4,4,4,yes,Elynn,,,0,NA,1,1,NA,NA,NA,1,NA,NA,NA,NA,NA,NA,NA,NA,NA,NA,NA,NA,NA,NA,NA,NA,NA,NA,NA,NA,NA,NA,NA,NA,NA,NA,NA,NA
rigoberto's taco shop,carnitas,9/27/16,miramar,7094 Miramar Rd,4,4.4,No,6.6,3,NA,NA,NA,4,4,5,5,4.5,3,2,4,4,4,yes,Elynn,,,0,NA,1,1,NA,NA,NA,1,NA,NA,NA,NA,NA,NA,NA,NA,NA,NA,NA,NA,NA,NA,NA,NA,NA,NA,NA,NA,NA,NA,NA,NA,NA,NA,NA,NA
rigoberto's taco shop,chile relleno,5/13/16,miramar,7094 Miramar Rd,4,4.4,No,6.6,5,23,24,1.05,5,4,NA,5,5,4,NA,5,3,4.5,yes,Matteo,,x,0,NA,NA,NA,1,NA,1,NA,NA,NA,NA,NA,NA,1,NA,NA,NA,NA,1,NA,NA,NA,NA,NA,NA,1,NA,NA,NA,NA,NA,NA,NA,NA,NA,NA
rigoberto's taco shop,chile relleno,1/4/17,miramar,7094 Miramar Rd,4,4.4,No,6.6,NA,20.5,21.5,0.75,4,2,NA,4,NA,4.6,4.2,3.75,5,3.9,yes,Sage,Orange salsa very spicy,,0,NA,NA,NA,NA,NA,NA,NA,NA,NA,NA,NA,NA,NA,NA,NA,NA,NA,NA,NA,NA,NA,NA,NA,NA,NA,NA,NA,NA,NA,NA,NA,NA,NA,NA,NA
tony's fresh mexican food,chile verde pork,2/11/16,miramar,7122 Miramar Rd,3,4.1,Yes,6.95,2,NA,NA,NA,3,4,4,3,4,4,1,2,1,3,NA,Marc,,,0,NA,1,NA,NA,1,NA,1,NA,NA,NA,1,1,NA,NA,NA,1,NA,NA,NA,NA,NA,NA,NA,NA,NA,NA,NA,NA,NA,NA,NA,NA,NA,NA,NA
california burrito company,dave's california,10/12/16,miramar,6912 Miramar Rd,3.5,4.4,No,6.5,4,19.5,21,0.68,3,2.5,2.5,3,4,3.5,2.5,3,5,3.3,no,Scott,The burrito looked beautiful when it came out. Chicken didn't add anything. would probably get the regular,,0,1,NA,NA,1,1,1,NA,1,NA,NA,NA,NA,NA,NA,NA,NA,NA,NA,NA,NA,NA,NA,NA,NA,NA,NA,NA,NA,NA,NA,NA,NA,NA,NA,NA
rigoberto's taco shop,el rusio,5/13/16,miramar,7094 Miramar Rd,4,4.4,No,6.65,4,21.5,23,0.91,3,4.5,2.5,2,3.5,5,1.5,2,1.5,2.5,no,Scott,Fries are terrible. Burrito leaked,,0,1,1,NA,1,1,NA,NA,NA,NA,NA,NA,NA,NA,NA,NA,NA,NA,NA,NA,NA,NA,NA,NA,NA,NA,NA,NA,NA,NA,NA,NA,NA,NA,NA,NA
california burrito company,fajitas ,10/18/16,miramar,6912 Miramar Rd,3.5,4.4,No,6.5,3,18.5,20.5,0.62,3,4.5,3.5,1.5,1.5,2,3.2,2,4.5,2.2,no,Scott,Peppers not cooked enough,,0,1,NA,NA,1,NA,NA,NA,NA,NA,NA,NA,NA,NA,NA,1,NA,NA,NA,NA,NA,1,NA,NA,NA,NA,NA,NA,NA,NA,NA,NA,NA,NA,NA,NA
rigoberto's taco shop,fish,5/13/16,miramar,7094 Miramar Rd,4,4.4,No,6,2,23,23.5,1.01,5,4.5,5,5,5,5,NA,5,4,5,yes,Aga,,x,0,NA,NA,NA,NA,NA,NA,NA,NA,NA,1,NA,NA,1,1,NA,NA,NA,NA,NA,1,1,NA,NA,NA,NA,NA,NA,NA,NA,NA,NA,NA,NA,NA,NA
sotos mexican food,al pastor,5/4/16,miramar,6904 Miramar Rd,4.5,4.6,Yes,5.99,2,21,22,0.81,4,2,2.5,4,4,3,3.5,4,5,3.2,no,Emily,Free lime. Ingredients chopped finely,,0,NA,NA,1,NA,NA,NA,1,NA,NA,NA,NA,NA,NA,NA,NA,NA,NA,NA,NA,1,1,NA,NA,NA,NA,NA,NA,NA,NA,NA,NA,NA,NA,NA,NA
rigoberto's taco shop,surf & turf,4/7/16,miramar,7094 Miramar Rd,4,4.4,No,7.45,3.5,NA,NA,NA,3,5,3.5,2.5,3,2.5,3.75,3,4,3,NA,Bankole,Would have enjoyed it more if wasn't rating; shrimp better than meat. Quality of the shrimp really improves the burrito. Well cooked and fresh. Shrimp could have had more flavor,,0,1,NA,NA,1,NA,NA,NA,NA,1,NA,1,NA,NA,NA,NA,NA,NA,NA,NA,NA,NA,NA,NA,NA,NA,NA,NA,NA,NA,NA,NA,NA,NA,NA,NA
mr. ruribertos taco shop ,california,12/10/16,mission beach,3202 Mission Blvd,3.5,3.7,No,7.75,4,20,21,0.7,3.5,2.5,3,3.3,1.4,2.3,2.2,3.3,4.5,2.9,no,Scott,,,0,1,1,NA,1,1,1,NA,NA,NA,NA,NA,NA,NA,NA,NA,NA,NA,NA,NA,NA,NA,NA,NA,NA,NA,NA,NA,NA,NA,NA,NA,NA,NA,NA,NA
mr. ruribertos taco shop ,carne asada,12/10/16,mission beach,3202 Mission Blvd,3.5,3.7,No,7.75,4,19.5,21,0.68,4,4.5,2,2,3.5,3.5,2,2,4,3,no,Brent,"Carrots are bad, got better as it went on",,0,1,1,1,NA,NA,NA,NA,NA,NA,NA,NA,NA,NA,NA,NA,NA,NA,NA,NA,NA,NA,NA,NA,NA,NA,NA,NA,NA,NA,NA,NA,NA,NA,NA,NA
jv's mexican food,carne asada,2/6/16,morena,1112 Morena Blvd,4,4.1,No,6.25,3.5,NA,NA,NA,2.5,1.5,1.5,3,4.5,3,1.5,2,4.5,2,NA,Scott,,,0,1,1,1,NA,NA,NA,NA,NA,NA,NA,NA,NA,NA,NA,NA,NA,NA,NA,NA,NA,NA,NA,NA,NA,NA,NA,NA,NA,NA,NA,NA,NA,NA,NA,NA
matador mexican food,carne asada,10/2/16,morena,5201 Linda Vista Rd,4.5,4,Yes,6.6,4,NA,NA,NA,4,3.5,3.5,3.5,4,3,3.5,3.5,4.5,3,NA,Brent,Salsa too spicy,,0,1,1,1,NA,NA,NA,NA,NA,NA,NA,NA,NA,NA,NA,NA,NA,NA,NA,NA,NA,NA,NA,NA,NA,NA,NA,NA,NA,NA,NA,NA,NA,NA,NA,NA
matador mexican food,carnitas,10/2/16,morena,5201 Linda Vista Rd,4.5,4,Yes,6.6,3.2,NA,NA,NA,1.4,3.7,3,3.2,4.8,2.4,3,2.9,3,3,no,Scott,,,0,NA,1,1,NA,NA,NA,1,NA,NA,NA,NA,NA,NA,NA,NA,NA,NA,NA,NA,NA,NA,NA,NA,NA,NA,NA,NA,NA,NA,NA,NA,NA,NA,NA,NA
jv's mexican food,surf & turf,2/6/16,morena,1112 Morena Blvd,4,4.1,No,9.5,2,NA,NA,NA,2.5,2.5,2.75,2.5,2.5,2,0.5,3,3.5,2.5,NA,Emily,Huge. Shrimp is good. Meat is normal,,0,1,NA,1,NA,NA,NA,NA,NA,1,NA,1,NA,NA,NA,1,NA,NA,NA,NA,NA,NA,NA,NA,NA,NA,NA,NA,NA,NA,NA,NA,NA,NA,NA,NA
colima's mexican food,bandido,3/3/16,north park,2302 University Ave,4,4.2,No,6.49,4.5,NA,NA,NA,3,5,4,4,5,4,2.5,4.5,4,4,NA,Sage,,,0,1,NA,NA,NA,NA,NA,NA,NA,NA,NA,1,1,NA,NA,NA,NA,NA,1,NA,NA,NA,NA,NA,NA,1,NA,NA,NA,NA,NA,NA,NA,NA,NA,NA
colima's mexican food,bandido,3/3/16,north park,2302 University Ave,4,4.2,No,6.49,4.5,NA,NA,NA,3,4.5,3.5,3.5,3.5,3,3,3,4,3,NA,Eli,Promising start but finished poorly,,0,1,NA,NA,NA,NA,NA,NA,NA,NA,NA,1,1,NA,NA,NA,NA,NA,1,NA,NA,NA,NA,NA,NA,1,NA,NA,NA,NA,NA,NA,NA,NA,NA,NA
lucha libre north park,bean and cheese,8/30/16,north park,3016 University Ave,3.5,4.3,Yes,3.75,5,18,22,0.69,4,3,NA,1,NA,3,3,2,3,2,no,Meghan,Bland,,0,NA,NA,NA,1,NA,NA,NA,NA,NA,NA,NA,1,NA,NA,NA,NA,NA,NA,NA,NA,NA,NA,NA,NA,NA,NA,NA,NA,NA,NA,NA,NA,NA,NA,NA
lucha libre north park,california - chicken,8/30/16,north park,3016 University Ave,3.5,4.3,Yes,7.5,4,20,23.5,0.88,3.5,2.5,3,4.5,3,2,5,4.5,3.5,2.5,yes,Kelsey,,,0,NA,1,1,1,1,1,NA,1,NA,NA,NA,NA,NA,NA,NA,NA,NA,NA,NA,NA,NA,NA,NA,NA,NA,NA,NA,NA,NA,NA,NA,NA,NA,NA,NA
lucha libre north park,california - chicken,8/30/16,north park,3016 University Ave,3.5,4.3,Yes,7.5,3,20,22,0.77,3.5,5,3.5,4,3,3,4,2.5,5,3,no,Javier,"large, bt feels good in my hands",,0,NA,1,NA,1,1,1,NA,1,NA,NA,NA,NA,NA,NA,NA,NA,NA,NA,NA,NA,NA,NA,NA,NA,NA,NA,NA,NA,NA,NA,NA,NA,NA,NA,NA
lucha libre north park,california - pork adobada,8/30/16,north park,3016 University Ave,3.5,4.3,Yes,7.5,4,18,24.5,0.86,2,3,3,3,4,3,4,3,5,3,yes,Erik,,,0,NA,1,NA,1,1,1,1,NA,NA,NA,NA,NA,NA,NA,NA,NA,NA,NA,NA,NA,NA,NA,NA,NA,NA,NA,NA,NA,NA,NA,NA,NA,NA,NA,NA
lucha libre north park,california - pork adobada,8/30/16,north park,3016 University Ave,3.5,4.3,Yes,7.5,4.5,18,26,0.97,3.5,4,4.5,4,3.5,3.5,4,4,4.5,4.25,yes,Ricardo,,,0,NA,1,NA,1,1,1,1,NA,NA,NA,NA,NA,NA,NA,NA,NA,NA,NA,NA,NA,NA,NA,NA,NA,NA,NA,NA,NA,NA,NA,NA,NA,NA,NA,NA
lucha libre north park,california - pork adobada,8/30/16,north park,3016 University Ave,3.5,4.3,Yes,7.5,2,19,25,0.94,4,5,5,4,4.5,4.5,5,4.5,4,4.5,yes,Erin,,,0,NA,1,NA,1,1,1,1,NA,NA,NA,NA,NA,NA,NA,NA,NA,NA,NA,NA,NA,NA,NA,NA,NA,NA,NA,NA,NA,NA,NA,NA,NA,NA,NA,NA
lucha libre north park,california - steak,8/30/16,north park,3016 University Ave,3.5,4.3,Yes,7.5,2.5,19,23.5,0.83,3,3,5,3.5,3,3.5,4.5,4,4.5,3.9,yes,Scott,"first bite sour cream, but probably the best steak I've had in a burrito",,0,1,1,NA,1,1,1,NA,NA,NA,NA,NA,NA,NA,NA,NA,NA,NA,NA,NA,NA,NA,NA,NA,NA,NA,NA,NA,NA,NA,NA,NA,NA,NA,NA,NA
lucha libre north park,california - steak,8/30/16,north park,3016 University Ave,3.5,4.3,Yes,7.5,5,17,23,0.72,3.5,3,2,3,3,2,4,2.5,5,3.5,NA,Devleena,fries = 4,,0,1,1,NA,1,1,1,NA,NA,NA,NA,NA,NA,NA,NA,NA,NA,NA,NA,NA,NA,NA,NA,NA,NA,NA,NA,NA,NA,NA,NA,NA,NA,NA,NA,NA
colima's ,colimas burrito,5/31/16,north park,2302 University Ave,4,4.2,Yes,8.25,4,NA,NA,NA,5,5,5,5,5,5,NA,5,4.5,4.9,yes,Brian,,x,0,NA,NA,NA,NA,NA,NA,NA,NA,NA,NA,NA,NA,NA,NA,NA,NA,NA,NA,NA,NA,NA,NA,NA,NA,NA,NA,NA,NA,NA,NA,NA,NA,NA,NA,NA
colima's mexican food,hawaiian,3/3/16,north park,2302 University Ave,4,4.2,No,6.29,3.5,NA,NA,NA,3.5,5,4,4,3.5,4.5,3.5,3.5,4,4,NA,Scott,,,0,NA,NA,NA,1,NA,NA,1,NA,NA,NA,NA,NA,NA,NA,NA,NA,NA,NA,NA,NA,NA,NA,1,1,NA,NA,NA,NA,NA,NA,NA,NA,NA,NA,NA
lucha libre north park,holy moly,8/30/16,north park,3016 University Ave,3.5,4.3,Yes,7.5,5,NA,NA,NA,3.5,2,3.5,3.5,3,4,2,2,4,3.5,NA,Sam A,,,0,NA,NA,NA,1,NA,1,NA,1,NA,NA,1,NA,NA,NA,NA,NA,NA,1,NA,NA,NA,NA,NA,NA,NA,NA,NA,NA,NA,NA,NA,NA,NA,NA,NA
lucha libre north park,holy moly,8/30/16,north park,3016 University Ave,3.5,4.3,Yes,7.5,3,17,21,0.6,2.5,2.5,3,2,2,1,5,1,5,1.5,no,Sage,all meat at bottom 1/8th,,0,NA,NA,NA,1,NA,1,NA,1,NA,NA,1,NA,NA,NA,NA,NA,NA,1,NA,NA,NA,NA,NA,NA,NA,NA,NA,NA,NA,NA,NA,NA,NA,NA,NA
lucha libre north park,holy moly,8/30/16,north park,3016 University Ave,3.5,4.3,Yes,7.5,4,17.5,21.2,0.63,5,3,5,5,3,2,2,3,5,4,yes,Aaron S,,,0,NA,NA,NA,1,NA,1,NA,1,NA,NA,1,NA,NA,NA,NA,NA,NA,1,NA,NA,NA,NA,NA,NA,NA,NA,NA,NA,NA,NA,NA,NA,NA,NA,NA
lucha libre north park,holy moly,8/30/16,north park,3016 University Ave,3.5,4.3,Yes,7.5,5,19,21,0.67,5,4,2,1,4,3,5,4,2,2,NA,Jaeyoung,Ordered a specialty burrito and guess I was expecting an ordinary one! Sauce was good but overpowering; no veggies at all; overall just did not feel like a burrito.,,0,NA,NA,NA,1,NA,1,NA,1,NA,NA,1,NA,NA,NA,NA,NA,NA,1,NA,NA,NA,NA,NA,NA,NA,NA,NA,NA,NA,NA,NA,NA,NA,NA,NA
lucha libre north park,holy moly,8/30/16,north park,3016 University Ave,3.5,4.3,Yes,7.5,4.5,19.5,19,0.56,4,4,3.5,4.5,4,4,5,4.5,4,4,yes,Matteo,,,0,NA,NA,NA,1,NA,1,NA,1,NA,NA,1,NA,NA,NA,NA,NA,NA,1,NA,NA,NA,NA,NA,NA,NA,NA,NA,NA,NA,NA,NA,NA,NA,NA,NA
lucha libre north park,nutty,8/30/16,north park,3016 University Ave,3.5,4.3,Yes,7.5,3.8,19,25,0.94,3.8,4,4,4,4,4,4.5,4.5,4.5,4.4,NA,Luis,,,0,NA,NA,NA,1,1,1,NA,1,NA,NA,1,NA,NA,NA,NA,NA,NA,1,NA,NA,NA,NA,NA,NA,NA,NA,NA,NA,NA,NA,NA,NA,NA,NA,NA
lucha libre north park,surf & turf,8/30/16,north park,3016 University Ave,3.5,4.3,Yes,8.25,4,19,22.5,0.77,3,2.5,3,3,3,3,3.5,3,3,3,yes,Hannah,,,0,1,1,NA,NA,NA,NA,NA,NA,1,NA,1,NA,NA,NA,NA,NA,NA,1,NA,NA,NA,NA,NA,NA,NA,NA,NA,NA,NA,NA,NA,NA,1,NA,NA
lucha libre north park,surf & turf,8/30/16,north park,3016 University Ave,3.5,4.3,Yes,8.25,3,19,24,0.87,5,3,5,4,2,2,5,2,2,2,no,Tammy,,,0,1,1,NA,NA,NA,NA,NA,NA,1,NA,1,NA,NA,NA,NA,NA,NA,1,NA,NA,NA,NA,NA,NA,NA,NA,NA,NA,NA,NA,NA,NA,1,NA,NA
lucha libre north park,surf & turf,8/30/16,north park,3016 University Ave,3.5,4.3,Yes,8.25,3.9,NA,NA,NA,2.1,1.9,2.6,2.4,2.9,3.2,4,2.5,3,2.4,no,Bankole,Not as good as the first time,,0,1,1,NA,NA,NA,NA,NA,NA,1,NA,1,NA,NA,NA,NA,NA,NA,1,NA,NA,NA,NA,NA,NA,NA,NA,NA,NA,NA,NA,NA,NA,1,NA,NA
lucha libre north park,surf & turf,8/30/16,north park,3016 University Ave,3.5,4.3,Yes,8.25,4,20,22,0.77,3,2.5,2,2.8,3.5,3.5,4,3,4,2.2,NA,Melissa N,,,0,1,1,NA,NA,NA,NA,NA,NA,1,NA,1,NA,NA,NA,NA,NA,NA,1,NA,NA,NA,NA,NA,NA,NA,NA,NA,NA,NA,NA,NA,NA,1,NA,NA
lucha libre north park,surf & turf,8/30/16,north park,3016 University Ave,3.5,4.3,Yes,8.25,3.5,20,22,0.77,3.6,3.2,3.2,3.5,3.6,3.5,NA,3.8,3.9,3.6,NA,Katie,,,0,1,1,NA,NA,NA,NA,NA,NA,1,NA,1,NA,NA,NA,NA,NA,NA,1,NA,NA,NA,NA,NA,NA,NA,NA,NA,NA,NA,NA,NA,NA,1,NA,NA
lucha libre north park,surfin california,8/30/16,north park,3016 University Ave,3.5,4.3,Yes,8.25,3,21,24.5,1,3,3,4,3.5,3,2,3.5,3.5,4,3.9,yes,Emily,thick chips,,0,1,1,NA,1,1,NA,NA,NA,1,NA,NA,NA,NA,NA,NA,NA,NA,1,NA,NA,NA,NA,NA,NA,NA,NA,NA,NA,NA,NA,NA,NA,1,NA,NA
lucha libre north park,surfin california,8/30/16,north park,3016 University Ave,3.5,4.3,Yes,8.25,4,18.5,25.5,0.96,3.5,2,4,3,5,5,4,4,5,3.5,NA,Melissa G,Good guac,,0,1,1,NA,1,1,NA,NA,NA,1,NA,NA,NA,NA,NA,NA,NA,NA,1,NA,NA,NA,NA,NA,NA,NA,NA,NA,NA,NA,NA,NA,NA,1,NA,NA
lucha libre north park,surfin california,8/30/16,north park,3016 University Ave,3.5,4.3,Yes,8.25,4,NA,NA,NA,4,3,3,3,3,2,3,3,4,3,yes,Marc,"shrimp was questionable; salsa was mediocre to bad; overall ok, better than past burritos at lucha libre",,0,1,1,NA,1,1,NA,NA,NA,1,NA,NA,NA,NA,NA,NA,NA,NA,1,NA,NA,NA,NA,NA,NA,NA,NA,NA,NA,NA,NA,NA,NA,1,NA,NA
lucha libre north park,surfin california,8/30/16,north park,3016 University Ave,3.5,4.3,Yes,8.25,1,NA,NA,NA,3,2,4,3,5,5,4,3.5,5,3.5,NA,Ashley G,good guac but fries could be better,,0,1,1,NA,1,1,NA,NA,NA,1,NA,NA,NA,NA,NA,NA,NA,NA,1,NA,NA,NA,NA,NA,NA,NA,NA,NA,NA,NA,NA,NA,NA,1,NA,NA
lucha libre north park,surfin california,8/30/16,north park,3016 University Ave,3.5,4.3,Yes,8.25,2,20,24.5,0.96,3.5,2,5,3.5,4,2.5,3.5,3,3.5,3.5,yes,Richard,probably positively biased by service,,0,1,1,NA,1,1,NA,NA,NA,1,NA,NA,NA,NA,NA,NA,NA,NA,1,NA,NA,NA,NA,NA,NA,NA,NA,NA,NA,NA,NA,NA,NA,1,NA,NA
lucha libre north park,surfin california,8/30/16,north park,3016 University Ave,3.5,4.3,Yes,8.25,3,19,24,0.87,5,4,4,4,3,3,4,4,4,4,yes,Mike,,,0,1,1,NA,1,1,NA,NA,NA,1,NA,NA,NA,NA,NA,NA,NA,NA,1,NA,NA,NA,NA,NA,NA,NA,NA,NA,NA,NA,NA,NA,NA,1,NA,NA
lucha libre north park,surfin california,8/30/16,north park,3016 University Ave,3.5,4.3,Yes,8.25,1,19.5,25.5,1.01,4,3,3.5,3,5,4,2,3,4,3,NA,Sankha G,,,0,1,1,NA,1,1,NA,NA,NA,1,NA,NA,NA,NA,NA,NA,NA,NA,1,NA,NA,NA,NA,NA,NA,NA,NA,NA,NA,NA,NA,NA,NA,1,NA,NA
lucha libre north park,veg out,8/30/16,north park,3016 University Ave,3.5,4.3,Yes,6.95,3,19,23,0.8,5,5,NA,5,NA,5,4.5,5,3,4.5,yes,Aga,,,0,NA,NA,NA,NA,NA,NA,NA,NA,NA,NA,NA,1,1,NA,1,NA,NA,1,NA,NA,NA,NA,NA,NA,NA,NA,NA,NA,NA,1,NA,NA,1,NA,1
lucha libre north park,vegetarian,8/30/16,north park,3016 University Ave,3.5,4.3,Yes,5.25,3,19.5,25.5,1.01,4.5,4.5,NA,3.5,NA,3,4,3.5,5,3.25,yes,Rob G,,,0,NA,1,NA,NA,1,NA,NA,NA,NA,NA,1,1,1,NA,NA,NA,NA,NA,NA,NA,NA,NA,NA,NA,NA,NA,NA,NA,NA,NA,NA,NA,NA,NA,NA
mikes taco club,california,3/23/16,ocean beach,5060 Newport Ave,4.5,4.9,No,8.59,2.5,NA,NA,NA,4,4.5,3.5,5,2.5,2,4,4.5,4,4.3,NA,Scott,,,0,1,1,1,1,1,1,NA,NA,NA,NA,NA,NA,NA,NA,NA,NA,NA,NA,NA,NA,NA,NA,NA,NA,NA,NA,NA,NA,NA,NA,NA,NA,NA,NA,NA
mikes taco club,california,3/23/16,ocean beach,5060 Newport Ave,4.5,4.9,No,8.59,3.5,NA,NA,NA,4.5,4.5,4,4.5,4,4,4,4.5,5,4.5,NA,Brad,,,0,1,1,1,1,1,1,NA,NA,NA,NA,NA,NA,NA,NA,NA,NA,NA,NA,NA,NA,NA,NA,NA,NA,NA,NA,NA,NA,NA,NA,NA,NA,NA,NA,NA
adalberto's mexican food,chile relleno,5/9/17,ocean beach,1868 Rosecrans St,4,4,No,5.35,4.2,,,,,,,,,,,,,,,,,,,,,,,,,,,,,,,,,,,,,,,,,,,,,,,,,,,,,
king burrito,adobada,8/16/16,oceanside,3490 Marron Rd,4,3.9,No,4.99,3.5,23,19,0.66,3,3,3,3,2.5,2,2.5,3,4,2.8,no,Emily,Too much tortilla per bite,,0,NA,1,1,NA,NA,NA,1,NA,NA,NA,NA,NA,NA,NA,NA,NA,NA,NA,NA,NA,NA,NA,NA,NA,NA,NA,NA,NA,NA,NA,NA,NA,NA,NA,NA
jose's taco,california,10/5/16,oceanside,3910 Vista Way,4,3.8,No,6.1,4,22,22,0.85,3.5,3.5,2,3.5,4.5,3.5,3,3.5,4,3.3,no,Scott ,,,0,1,NA,1,1,1,NA,NA,NA,NA,NA,NA,NA,NA,NA,NA,NA,NA,NA,NA,NA,NA,NA,NA,NA,NA,NA,NA,NA,NA,NA,NA,NA,NA,NA,NA
king burrito,california,8/16/16,oceanside,3490 Marron Rd,4,3.9,No,5.29,3.5,22.5,20.5,0.75,2.5,4.5,2,3,2.5,1.5,3,2,4.5,2.5,no,Scott,it does taste homemade. but that's not a good thing,,0,1,1,NA,1,1,NA,NA,NA,NA,NA,NA,NA,NA,NA,NA,NA,NA,NA,NA,NA,NA,NA,NA,NA,NA,NA,NA,NA,NA,NA,NA,NA,NA,NA,NA
los tacos,california ,9/18/16,oceanside,2183 Vista Way,4,4.2,No,7.9,3.5,20.5,23,0.86,4,5,4,4,3,4,3.5,4,4,4.2,yes,Scott,Tortilla is burnt a bit but good. Pick is good,,0,NA,NA,NA,NA,NA,NA,NA,NA,NA,NA,NA,NA,NA,NA,NA,NA,NA,NA,NA,NA,NA,NA,NA,NA,NA,NA,NA,NA,NA,NA,NA,NA,NA,NA,NA
mi asador mexican & seafood ,california ,4/27/16,oceanside,4750 Oceanside Blvd,4.5,4.4,Yes,6.89,3,25,22,0.96,3,2.5,3,2.5,2.5,2,3.5,3,4,3,no,Scott,,,0,1,NA,1,1,1,1,NA,NA,NA,NA,NA,NA,NA,NA,NA,NA,NA,NA,NA,NA,NA,NA,NA,NA,NA,NA,NA,NA,NA,NA,NA,NA,NA,NA,NA
pedro's tacos,california burrito,5/22/16,oceanside,,NA,NA,No,6.5,5,NA,NA,NA,3,NA,4,5,4,4,NA,5,5,5,yes,Erika N,,x,0,NA,NA,NA,NA,NA,NA,NA,NA,NA,NA,NA,NA,NA,NA,NA,NA,NA,NA,NA,NA,NA,NA,NA,NA,NA,NA,NA,NA,NA,NA,NA,NA,NA,NA,NA
el pollo loco,chicken avocado,11/27/16,oceanside,3500 College Blvd,3.5,4.1,No,5.99,3.5,17.5,21,0.61,2,3,3.8,2.5,2.5,3,2.5,3,2.6,3.2,no,Scott,,,0,NA,NA,1,NA,NA,NA,NA,1,NA,NA,NA,NA,NA,NA,NA,NA,1,NA,NA,1,NA,NA,NA,NA,NA,NA,NA,NA,NA,NA,NA,NA,NA,NA,NA
mi asador mexican & seafood ,el hawaiiano ,4/27/16,oceanside,4750 Oceanside Blvd,4.5,4.4,Yes,6.39,3,23,22.5,0.93,4,3,2.5,3.5,3,3,3.5,4,3.5,3.5,yes,Emily,Pineapple is really good,,0,1,NA,1,1,NA,1,NA,NA,NA,NA,NA,NA,NA,NA,NA,NA,NA,NA,NA,NA,NA,NA,1,NA,NA,NA,NA,NA,NA,NA,NA,NA,NA,NA,NA
los tacos,fusion,1/7/17,oceanside,2183 Vista Way,4,4.2,No,8.5,3.9,21,21,0.74,3,4.5,4.1,3,3.7,4,4.3,4.2,5,3.9,yes,Scott,Fresca and verde salsas are the best,,0,NA,NA,NA,NA,NA,NA,NA,NA,NA,NA,NA,NA,NA,NA,NA,NA,NA,NA,NA,NA,NA,NA,NA,NA,NA,NA,NA,NA,NA,NA,NA,NA,NA,NA,NA
los tacos ,fusion,6/5/16,oceanside,2183 Vista Way,4,4.2,No,8.5,3.5,18.5,21,0.65,4,4,4,3.5,4,4,4,4.5,4.5,4.2,yes,Emily,,,0,1,NA,1,1,NA,NA,1,NA,NA,NA,NA,NA,NA,NA,NA,NA,NA,NA,NA,1,1,NA,NA,NA,NA,NA,NA,NA,NA,NA,NA,NA,NA,NA,NA
los tacos,local,9/18/16,oceanside,2183 Vista Way,4,4.2,No,7.9,3.5,22,23,0.93,4,3.5,4.5,4.5,3.5,3.5,3.5,4,3,4.3,yes,Emily,Melted cheese is good. Cilantro is fresh,,0,NA,NA,NA,NA,NA,NA,NA,NA,NA,NA,NA,NA,NA,NA,NA,NA,NA,NA,NA,NA,NA,NA,NA,NA,NA,NA,NA,NA,NA,NA,NA,NA,NA,NA,NA
los tacos,local,1/7/17,oceanside,2183 Vista Way,4,4.2,No,7.9,4,20.5,21,0.72,3.5,4,4,3,4,4.5,4,3.8,4.8,3.8,yes,Emily,Pastor is dry,,0,NA,NA,NA,NA,NA,NA,NA,NA,NA,NA,NA,NA,NA,NA,NA,NA,NA,NA,NA,NA,NA,NA,NA,NA,NA,NA,NA,NA,NA,NA,NA,NA,NA,NA,NA
los tacos,local,1/15/17,oceanside,2183 Vista Way,4,4.2,No,7.9,3.5,21.5,23.5,0.94,4.5,5,4,3.5,4,2.8,4,4.5,3.7,4.2,NA,Scott,,,0,NA,NA,NA,NA,NA,NA,NA,NA,NA,NA,NA,NA,NA,NA,NA,NA,NA,NA,NA,NA,NA,NA,NA,NA,NA,NA,NA,NA,NA,NA,NA,NA,NA,NA,NA
los tacos,local,1/15/17,oceanside,2183 Vista Way,4,4.2,No,7.9,2,19.5,24,0.89,4.2,4,4.2,3.8,4,3,3.8,4.5,5,4.2,NA,Emily,,,0,NA,NA,NA,NA,NA,NA,NA,NA,NA,NA,NA,NA,NA,NA,NA,NA,NA,NA,NA,NA,NA,NA,NA,NA,NA,NA,NA,NA,NA,NA,NA,NA,NA,NA,NA
los tacos,local,2/25/17,oceanside,2183 Vista Way,4,4.2,No,7.9,2.5,22,22,0.85,3,4.5,4.3,4,3,3.1,3.9,4.2,3,4.1,NA,Scott,,,0,NA,NA,NA,NA,NA,NA,NA,NA,NA,NA,NA,NA,NA,NA,NA,NA,NA,NA,NA,NA,NA,NA,NA,NA,NA,NA,NA,NA,NA,NA,NA,NA,NA,NA,NA
los tacos,local,2/25/17,oceanside,2183 Vista Way,4,4.2,No,7.9,3,21,24,0.96,3,3.5,4.5,4,4,4,4,4,3.5,4,NA,Emily,,,0,NA,NA,NA,NA,NA,NA,NA,NA,NA,NA,NA,NA,NA,NA,NA,NA,NA,NA,NA,NA,NA,NA,NA,NA,NA,NA,NA,NA,NA,NA,NA,NA,NA,NA,NA
los tacos,local,2/25/17,oceanside,2183 Vista Way,4,4.2,No,7.9,3,NA,NA,NA,5,5,5,4,5,4,4,5,4,5,NA,Audrey L,,x,0,NA,NA,NA,NA,NA,NA,NA,NA,NA,NA,NA,NA,NA,NA,NA,NA,NA,NA,NA,NA,NA,NA,NA,NA,NA,NA,NA,NA,NA,NA,NA,NA,NA,NA,NA
los tacos,local,2/25/17,oceanside,2183 Vista Way,4,4.2,No,7.9,3,NA,NA,NA,3.5,4,4,4,4.5,3.5,4,3.5,4,4,NA,Spencer,,,0,NA,NA,NA,NA,NA,NA,NA,NA,NA,NA,NA,NA,NA,NA,NA,NA,NA,NA,NA,NA,NA,NA,NA,NA,NA,NA,NA,NA,NA,NA,NA,NA,NA,NA,NA
los tacos ,local,6/5/16,oceanside,2183 Vista Way,4,4.2,No,7.9,3.5,20.5,21.5,0.75,3.5,4.5,4.5,4,1.5,1.5,3,4,5,3.5,yes,Scott,,,0,NA,1,NA,1,1,NA,1,NA,NA,NA,NA,NA,NA,NA,NA,NA,NA,NA,NA,NA,NA,NA,1,NA,NA,NA,NA,NA,NA,NA,NA,NA,NA,NA,NA
la perla cocina,addiction,3/30/16,pacific beach,745 Emerald St,4.5,4.7,No,7.99,3.5,NA,NA,NA,4,4,2,3,1.5,3,2.5,1,3,2.5,NA,Scott,Bland,,0,1,1,1,NA,NA,NA,NA,NA,NA,NA,NA,1,NA,NA,NA,NA,NA,NA,NA,NA,NA,NA,NA,NA,NA,NA,NA,NA,NA,1,NA,NA,NA,NA,NA
la perla cocina,california,5/16/16,pacific beach,745 Emerald St,4.5,4.7,No,6.5,5,NA,NA,NA,4,NA,4,4,5,4,4,4,5,4,yes,Laya,A LOT of carne asada!,x,0,1,1,1,1,1,1,NA,NA,NA,NA,NA,NA,NA,NA,NA,NA,NA,NA,NA,NA,NA,NA,NA,NA,NA,NA,NA,NA,NA,NA,NA,NA,NA,NA,NA
ortiz's taco shop #2,california,11/2/16,pacific beach,1313 Garnet Ave,4,4.2,No,6.39,4,20,21,0.7,4,4,4,4,4.5,4.5,4.2,4.5,4.5,4.25,yes,Scott,,,0,NA,NA,NA,NA,NA,NA,NA,NA,NA,NA,NA,NA,NA,NA,NA,NA,NA,NA,NA,NA,NA,NA,NA,NA,NA,NA,NA,NA,NA,NA,NA,NA,NA,NA,NA
ortiz's taco shop #2,california,11/2/16,pacific beach,1313 Garnet Ave,4,4.2,No,6.39,4.5,22.5,20.5,0.75,3,4.4,4,4,4.5,4.2,4.3,4,5,4.2,yes,Shijia,,,0,NA,NA,NA,NA,NA,NA,NA,NA,NA,NA,NA,NA,NA,NA,NA,NA,NA,NA,NA,NA,NA,NA,NA,NA,NA,NA,NA,NA,NA,NA,NA,NA,NA,NA,NA
ortiz's taco shop #2,california,11/2/16,pacific beach,1313 Garnet Ave,4,4.2,No,6.39,4.75,20.5,20.5,0.69,2,NA,3.5,3,5,4,2,3.5,3.5,3.5,yes,Jeremy,,,0,NA,NA,NA,NA,NA,NA,NA,NA,NA,NA,NA,NA,NA,NA,NA,NA,NA,NA,NA,NA,NA,NA,NA,NA,NA,NA,NA,NA,NA,NA,NA,NA,NA,NA,NA
taco surf pb,california,5/23/16,pacific beach,4657 Mission Blvd,4,4.6,No,7.14,3.5,20,23,0.84,4,2,4,5,4,2,4,4.5,5,4.4,yes,Scott,not too much rice,,0,1,NA,1,1,1,1,NA,NA,NA,NA,1,NA,NA,NA,NA,NA,NA,NA,NA,NA,NA,NA,NA,NA,NA,NA,NA,NA,NA,NA,NA,NA,NA,NA,NA
taco surf pb,california,5/23/16,pacific beach,4657 Mission Blvd,4,4.6,No,7.14,5,20.5,24,0.94,4,2,4.5,4,3.5,2,3,4,4,4.1,yes,Sage,hashbrowns instead of fries; anterior-posterior uniformity is good but medial-lateral is bad,,0,1,NA,1,1,1,1,NA,NA,NA,NA,1,NA,NA,NA,NA,NA,NA,NA,NA,NA,NA,NA,NA,NA,NA,NA,NA,NA,NA,NA,NA,NA,NA,NA,NA
ortiz's taco shop #2,california chicken,11/2/16,pacific beach,1313 Garnet Ave,4,4.2,No,6.39,4.25,22,22,0.85,2,4,3.7,2,4,4.5,4.5,2.7,5,2.66,no,Sage,,,0,NA,NA,NA,NA,NA,NA,NA,NA,NA,NA,NA,NA,NA,NA,NA,NA,NA,NA,NA,NA,NA,NA,NA,NA,NA,NA,NA,NA,NA,NA,NA,NA,NA,NA,NA
taco surf pb,carne asada,5/23/16,pacific beach,4657 Mission Blvd,4,4.6,No,6.02,3.2,19.5,20.5,0.65,4.5,2,3.3,3.4,4.5,4.5,3.8,3.7,5,3.7,yes,Dan,one hot side and one cold side from the guac,,0,1,NA,1,NA,NA,NA,NA,NA,NA,NA,NA,NA,NA,NA,NA,NA,NA,NA,NA,NA,NA,NA,NA,NA,NA,NA,NA,NA,NA,NA,NA,NA,NA,NA,NA
la perla cocina,oaxacalifornia,3/30/16,pacific beach,745 Emerald St,4.5,4.7,No,9.99,3,NA,NA,NA,4,4.5,3.5,4,3,2,2.5,3.5,4,4,NA,Emily,Fries are good,,0,1,1,1,1,1,NA,NA,NA,NA,NA,NA,NA,NA,NA,NA,NA,NA,NA,NA,NA,NA,NA,NA,NA,NA,NA,NA,NA,NA,NA,NA,NA,NA,NA,NA
el indio,california,3/17/16,san diego,3695 India St,3.5,3.9,No,7.84,4,NA,NA,NA,4,4,3.5,4,4.5,4,3.5,3.5,4.5,4,NA,Scott,,,0,1,NA,1,1,1,NA,NA,NA,NA,NA,NA,NA,NA,NA,NA,NA,NA,NA,NA,NA,NA,NA,NA,NA,NA,NA,NA,NA,NA,NA,NA,NA,NA,NA,NA
los cabos,al pastor,8/27/16,san marcos,165 S Rancho Santa Fe Rd,4,4.1,Yes,5.69,3,17.5,23.5,0.77,4,4.5,3,3.5,4,3.5,2.5,4,4.5,4,yes,Emily,Really good with lime,,0,NA,NA,1,NA,NA,NA,1,NA,NA,NA,NA,NA,NA,NA,NA,NA,NA,NA,NA,1,1,NA,NA,NA,NA,NA,NA,NA,NA,NA,NA,NA,NA,NA,NA
los cabos,california,8/27/16,san marcos,165 S Rancho Santa Fe Rd,4,4.1,Yes,5.99,4,18.5,21,0.65,4,4.5,2.5,2.5,2.5,1.5,3,4,5,3,no,Scott,Repeatedly get large bites of sour cream,,0,1,NA,NA,1,1,1,NA,NA,NA,NA,NA,NA,NA,NA,NA,NA,NA,NA,NA,NA,NA,NA,NA,NA,NA,NA,NA,NA,NA,NA,NA,NA,NA,NA,NA
senor panchos,california,8/21/16,san marcos,1909 W San Marcos Blvd,4,4.2,No,6.25,3,21,19.5,0.64,3,4,4,3,3.5,4.5,4,4,5,4,yes,Emily,feels very dense; a lot of meat,,0,NA,NA,NA,NA,NA,NA,NA,NA,NA,NA,NA,NA,NA,NA,NA,NA,NA,NA,NA,NA,NA,NA,NA,NA,NA,NA,NA,NA,NA,NA,NA,NA,NA,NA,NA
albertacos,california ,6/8/16,san marcos,500 W San Marcos Blvd # 103,3.5,3.9,No,5.7,3.5,20.5,21.5,0.75,3.5,3,3,4,1.5,4,4,4,4,3.7,yes,Scott,,,0,1,1,1,1,1,1,NA,NA,NA,NA,NA,NA,NA,NA,NA,NA,NA,NA,NA,NA,NA,NA,NA,NA,NA,NA,NA,NA,NA,NA,NA,NA,NA,NA,NA
netos mexican food,california ,5/26/16,san marcos,325 S Rancho Santa Fe Rd,4.5,4.1,Yes,5.99,4,20.5,23.5,0.9,4.5,5,3,4,2,2,2,3.75,4,3.2,yes,Scott,not 100% certain about the ingredients (was there guac and pico?),,0,1,1,1,1,1,1,NA,NA,NA,NA,NA,NA,NA,NA,NA,NA,NA,NA,NA,NA,NA,NA,NA,NA,NA,NA,NA,NA,NA,NA,NA,NA,NA,NA,NA
oscar's mexican food,california ,1/24/16,san marcos,225 S Rancho Santa Fe Rd,3.5,3.3,No,5.45,3.5,NA,NA,NA,2,3.5,2.5,2.5,2,4,3.5,2.5,5,3,NA,Scott,Fries: 3/5; too little meat,,0,1,1,1,1,1,NA,NA,NA,NA,NA,NA,NA,NA,NA,NA,NA,NA,NA,NA,NA,NA,NA,NA,NA,NA,NA,NA,NA,NA,NA,NA,NA,NA,NA,NA
netos mexican food,carne adobada ,5/26/16,san marcos,325 S Rancho Santa Fe Rd,4.5,4.1,Yes,5.5,3,20.75,23.5,0.91,3.5,4,3.5,3,3.5,3.5,2.5,3,2.5,3,yes,Emily,"Best free chips, novel burrito",,0,1,1,1,NA,NA,NA,NA,NA,NA,NA,NA,NA,NA,NA,NA,NA,NA,NA,NA,NA,NA,NA,1,NA,NA,NA,NA,NA,NA,NA,NA,NA,NA,NA,NA
albertacos,carne asada,6/8/16,san marcos,500 W San Marcos Blvd # 103,3.5,3.9,No,5.25,4,21,21,0.74,3.5,3,2.8,3.5,4,4,4,3.5,5,3.2,yes,Emily,,,0,1,1,1,NA,NA,NA,NA,NA,NA,NA,NA,NA,NA,NA,NA,NA,NA,NA,NA,NA,NA,NA,NA,NA,NA,NA,NA,NA,NA,NA,NA,NA,NA,NA,NA
oscar's mexican food,carne asada,1/24/16,san marcos,225 S Rancho Santa Fe Rd,3.5,3.3,No,5.25,2,NA,NA,NA,3,2,3.5,3,4,5,4,4,5,3.75,NA,Ricardo,Go to average burrito place like Rigoberto's in la jolla; Terrible tamales,,0,1,1,1,NA,NA,NA,NA,NA,NA,NA,NA,NA,NA,NA,NA,NA,NA,NA,NA,NA,NA,NA,NA,NA,NA,NA,NA,NA,NA,NA,NA,NA,NA,NA,NA
oscar's mexican food,carnitas,1/24/16,san marcos,225 S Rancho Santa Fe Rd,3.5,3.3,No,4.85,1.5,NA,NA,NA,3,2,2.5,3,4.5,4,3,3,5,3,NA,Emily,,,0,NA,1,1,NA,NA,NA,1,NA,NA,NA,NA,NA,NA,NA,NA,NA,NA,NA,NA,NA,NA,NA,NA,NA,NA,NA,NA,NA,NA,NA,NA,NA,NA,NA,NA
senor panchos,pollo asado,8/21/16,san marcos,1909 W San Marcos Blvd,4,4.2,No,6.25,3.5,21.5,19.5,0.65,2.5,3.5,3,3,5,4.5,3.5,2,5,2.9,no,Scott,"guac is good, very avocado-y",,0,NA,NA,NA,NA,NA,NA,NA,NA,NA,NA,NA,NA,NA,NA,NA,NA,NA,NA,NA,NA,NA,NA,NA,NA,NA,NA,NA,NA,NA,NA,NA,NA,NA,NA,NA
tacos por favor,al pastor,6/11/16,santa monica,1408 Olympic Blvd,4,4.1,Yes,6.85,4,15.5,21,0.54,3,5,4,3,5,4,3,4,3,4,yes,Christian,,,1,NA,1,NA,NA,NA,NA,1,NA,NA,NA,1,1,NA,NA,NA,NA,NA,NA,NA,NA,NA,NA,NA,NA,NA,NA,NA,NA,NA,NA,NA,NA,NA,NA,NA
tacos por favor,carne asada,6/11/16,santa monica,1408 Olympic Blvd,4,4.1,Yes,7.85,3,16.5,20.5,0.55,3,4.5,4.5,3.5,3.5,3.5,1,4,1,3.5,yes,Scott,,,1,1,1,1,NA,NA,NA,NA,NA,NA,NA,1,1,NA,NA,NA,NA,NA,NA,NA,NA,NA,NA,NA,NA,NA,NA,NA,NA,NA,NA,NA,NA,NA,NA,NA
tacos por favor,carne asada,6/11/16,santa monica,1408 Olympic Blvd,4,4.1,Yes,6.85,4,18,NA,NA,4,5,3.5,3,4,4,3,3,3,3.5,NA,Sam H,,,1,1,1,NA,NA,NA,NA,NA,NA,NA,NA,1,1,NA,NA,NA,NA,NA,NA,NA,NA,NA,NA,NA,NA,NA,NA,NA,NA,NA,NA,NA,NA,NA,NA,NA
"qdoba mexican grill, seatac airport",custom,3/19/16,seattle,Airport,NA,NA,No,9.5,5,NA,NA,NA,3,3,3.5,3,4,1,3,2.5,5,3,NA,Sage,,x,0,NA,1,1,1,NA,NA,1,NA,NA,NA,1,1,1,NA,NA,NA,NA,NA,NA,NA,NA,NA,NA,NA,NA,NA,NA,NA,NA,NA,NA,NA,NA,NA,NA
rudy's taco shop,carnitas,4/9/16,solana beach,524 Stevens Ave,4,4.3,No,6.6,3,NA,NA,NA,3,2.5,3,4,2,1,3,3,5,3,no,Emily,,,0,NA,1,1,NA,NA,NA,1,NA,NA,NA,NA,NA,NA,NA,NA,NA,NA,NA,NA,NA,NA,NA,NA,NA,NA,NA,NA,NA,NA,NA,NA,NA,NA,NA,NA
rudy's taco shop,chicken,4/9/16,solana beach,524 Stevens Ave,4,4.3,No,6.6,3.5,NA,NA,NA,3.5,3,4,4.5,3,1,3,4,0.5,2.8,no,Scott,"Salsa Fresca is good, way too small",,0,NA,1,1,NA,NA,NA,NA,1,NA,NA,NA,NA,NA,NA,NA,NA,NA,NA,NA,NA,NA,NA,NA,NA,NA,NA,NA,NA,NA,NA,NA,NA,NA,NA,NA
gloria's taco shop,cabeza,12/2/16,south park,1233 28th St,4,4.3,No,5.49,3,19,20.5,0.64,4.5,5,2,2,2.5,3.5,3,2.5,3,2,no,Richard,Meat is squishy,,0,NA,NA,NA,NA,NA,NA,NA,NA,NA,NA,NA,NA,NA,NA,NA,NA,NA,NA,NA,NA,NA,NA,NA,NA,NA,NA,NA,NA,NA,NA,NA,NA,NA,NA,NA
gloria's taco shop,california ,12/2/16,south park,1233 28th St,4,4.3,No,5.65,3,19.5,22,0.75,4,1.5,2,3,4.2,4,3,2,4.5,2.7,no,Scott,Horchata tasted like bubble gum,,0,NA,NA,NA,NA,NA,NA,NA,NA,NA,NA,NA,NA,NA,NA,NA,NA,NA,NA,NA,NA,NA,NA,NA,NA,NA,NA,NA,NA,NA,NA,NA,NA,NA,NA,NA
el dorado mexican food,california,6/16/16,temecula,29000 Old Town Front St,4.5,4,No,6.94,4,NA,NA,NA,4,4,4,4.5,3.2,3,4.5,4.5,2,4.5,yes,Scott,Salsa verde has an interesting hint of garlic,,1,1,NA,1,1,1,1,NA,NA,NA,NA,NA,NA,NA,NA,NA,NA,NA,NA,NA,NA,NA,NA,NA,NA,NA,NA,NA,NA,NA,NA,NA,NA,NA,NA,NA
el dorado mexican food,super,6/16/16,temecula,29000 Old Town Front St,4.5,4,No,6.94,3.75,NA,NA,NA,3.5,3.5,3.5,3.5,4,4,4.5,3.5,4.5,3.8,yes,Emily,,,1,1,NA,1,1,NA,1,NA,NA,NA,NA,NA,NA,NA,NA,NA,NA,NA,NA,1,NA,NA,NA,NA,NA,NA,NA,NA,NA,NA,NA,NA,NA,NA,NA,NA
papa chito's mexican food,california,8/9/16,university city,3951 Governor Dr,2.5,3.3,No,6.25,3.5,21.5,20,0.68,3.5,3.5,2.5,2.5,2.5,4,2,1.5,5,2.2,no,Scott,,,0,1,1,NA,1,1,NA,NA,NA,NA,NA,NA,NA,NA,NA,NA,NA,NA,NA,NA,NA,NA,NA,NA,NA,NA,NA,NA,NA,NA,NA,NA,NA,NA,NA,NA
papa chito's mexican food,california,8/9/16,university city,3951 Governor Dr,2.5,3.3,No,6.25,4,20,20,0.64,4,5,3,3,4,3.5,4,4,5,3.75,yes,Sage,,,0,1,1,NA,1,1,NA,NA,NA,NA,NA,NA,NA,NA,NA,NA,NA,NA,NA,NA,NA,NA,NA,NA,NA,NA,NA,NA,NA,NA,NA,NA,NA,NA,NA,NA
el zarape,azteca,3/14/16,university heights,4642 Park Blvd,4,4.4,Yes,6.25,3.75,NA,NA,NA,3,5,5,4.5,4,4,1.5,3,5,3,NA,Jake,,,0,1,1,NA,1,NA,NA,NA,NA,NA,NA,NA,1,NA,NA,NA,NA,NA,NA,NA,NA,NA,NA,NA,NA,NA,1,NA,NA,NA,NA,NA,NA,NA,NA,NA
el zarape,california,3/14/16,university heights,4642 Park Blvd,4,4.4,Yes,6.25,0.5,NA,NA,NA,3,5,4,2.75,4,1.6,3.5,3.4,5,3.33333,NA,Kelsey,,,0,1,1,1,1,1,NA,NA,NA,NA,NA,NA,NA,NA,NA,NA,NA,NA,NA,NA,NA,NA,NA,NA,NA,NA,NA,NA,NA,NA,NA,NA,NA,NA,NA,NA
el zarape,california,11/8/16,university heights,4642 Park Blvd,4,4.4,Yes,6.25,4,17,19.5,0.51,2.5,4,3.75,4,3.75,5,4,4,5,3.9,yes,Scott,,,0,1,1,1,1,1,1,NA,NA,NA,NA,NA,NA,NA,NA,NA,NA,NA,NA,NA,NA,NA,NA,NA,NA,NA,NA,NA,NA,NA,NA,NA,NA,NA,NA,NA
el zarape,california,11/8/16,university heights,4642 Park Blvd,4,4.4,Yes,6.25,4,17,22,0.65,3,NA,4,4,4,4,2,3,5,4,yes,Ant,,,0,1,1,1,1,1,1,NA,NA,NA,NA,NA,NA,NA,NA,NA,NA,NA,NA,NA,NA,NA,NA,NA,NA,NA,NA,NA,NA,NA,NA,NA,NA,NA,NA,NA
el zarape,california,11/8/16,university heights,4642 Park Blvd,4,4.4,Yes,6.25,3,NA,NA,NA,4,4,2,2,4,3,3,3,5,3,no,Erik,,,0,1,1,1,1,1,1,NA,NA,NA,NA,NA,NA,NA,NA,NA,NA,NA,NA,NA,NA,NA,NA,NA,NA,NA,NA,NA,NA,NA,NA,NA,NA,NA,NA,NA
el zarape,california chicken,3/14/16,university heights,4642 Park Blvd,4,4.4,Yes,6.25,3,NA,NA,NA,3.5,5,2.5,2.5,4,2.7,3.5,3,5,2.5,NA,Sage,,,0,NA,1,1,1,1,NA,NA,1,NA,NA,NA,NA,NA,NA,NA,NA,NA,NA,NA,NA,NA,NA,NA,NA,NA,NA,NA,NA,NA,NA,NA,NA,NA,NA,NA
el zarape,carne asada,11/8/16,university heights,4642 Park Blvd,4,4.4,Yes,6.25,4,18,21,0.63,4,4,NA,3.5,3.5,4,4,4,4,4,yes,Tom,,,0,NA,NA,NA,NA,NA,NA,NA,NA,NA,NA,NA,NA,NA,NA,NA,NA,NA,NA,NA,NA,NA,NA,NA,NA,NA,NA,NA,NA,NA,NA,NA,NA,NA,NA,NA
el zarape,lobster,3/14/16,university heights,4642 Park Blvd,4,4.4,Yes,9.5,3,NA,NA,NA,3,3,4,3,3.5,4.5,3.5,3,3.5,3.2,NA,Scott,quite small,,0,NA,NA,NA,NA,NA,NA,NA,NA,NA,NA,NA,NA,NA,1,NA,NA,1,1,NA,NA,NA,NA,NA,NA,NA,NA,1,NA,NA,NA,NA,NA,NA,NA,NA
el zarape,surf & turf,5/19/16,university heights,4642 Park Blvd,4,4.4,Yes,7,2.5,NA,NA,NA,5,5,5,5,5,5,5,5,5,5,yes,Damien B,Get the green sauce,x,0,NA,NA,NA,NA,NA,NA,NA,NA,NA,NA,NA,NA,NA,NA,NA,NA,NA,NA,NA,NA,NA,NA,NA,NA,NA,NA,NA,NA,NA,NA,NA,NA,NA,NA,NA
los primos mexican food,619 burrito original,5/16/16,utc,7770 Regents Rd,3,3.7,Yes,11.75,4,NA,NA,NA,3,NA,4,5,4,4,5,4,3,4,yes,Sai G,,x,0,1,NA,NA,NA,1,NA,NA,NA,NA,NA,NA,NA,NA,NA,NA,NA,NA,1,NA,NA,NA,NA,NA,NA,NA,NA,NA,NA,NA,NA,NA,NA,NA,NA,NA
los primos mexican food,adobada,8/6/16,utc,7770 Regents Rd,3,3.7,Yes,6.25,2,20.5,20,0.65,4,2.5,2.5,3,2,4,3.5,3,4.5,2.6,no,Scott,,,0,NA,NA,NA,NA,NA,NA,NA,NA,NA,NA,NA,NA,NA,NA,NA,NA,NA,NA,NA,NA,NA,NA,NA,NA,NA,NA,NA,NA,NA,NA,NA,NA,NA,NA,NA
taco villa,al pastor,9/29/16,utc,9500 Gilman Dr,3,NA,No,5.99,4,18,20,0.57,3.5,3.5,2,3,4.5,4.5,3,3,5,3.2,no,Scott,get the carnitas,,0,NA,1,1,NA,NA,NA,1,NA,NA,NA,NA,NA,NA,NA,NA,NA,NA,NA,NA,NA,NA,NA,NA,NA,NA,NA,NA,NA,NA,NA,NA,NA,NA,NA,NA
taco villa,al pastor,10/27/16,utc,9500 Gilman Dr,3,NA,No,NA,4.5,NA,NA,NA,3,4,4,4,4,4,4,4,3,4,yes,Marc,,,0,NA,1,NA,NA,NA,NA,1,NA,NA,NA,NA,1,NA,NA,NA,NA,NA,NA,NA,NA,NA,NA,NA,NA,NA,NA,NA,NA,NA,NA,NA,NA,NA,NA,NA
taco villa,al pastor,1/20/17,utc,9500 Gilman Dr,3,NA,No,6.99,3.5,18.5,20.5,0.62,2.5,4.5,4,4,2,3,3,3,4,3,NA,Ricardo ,,,0,NA,NA,NA,NA,NA,NA,NA,NA,NA,NA,NA,NA,NA,NA,NA,NA,NA,NA,NA,NA,NA,NA,NA,NA,NA,NA,NA,NA,NA,NA,NA,NA,NA,NA,NA
los primos mexican food,baja monster,6/3/16,utc,7770 Regents Rd,3,3.7,Yes,6,4,NA,NA,NA,3,3,1,4,2,2,3,2,1,2,no,Elynn,,,0,NA,1,1,NA,NA,NA,1,NA,NA,NA,NA,1,NA,NA,NA,NA,NA,NA,NA,NA,NA,NA,NA,NA,NA,NA,NA,NA,NA,NA,NA,NA,NA,NA,NA
los primos mexican food,baja monster,6/3/16,utc,7770 Regents Rd,3,3.7,Yes,6,3,NA,NA,NA,4,3.5,4,4,2,4,4,4,3,3.8,yes,Rob,,,0,NA,1,1,NA,NA,NA,1,NA,NA,NA,NA,1,NA,NA,NA,NA,NA,NA,NA,NA,NA,NA,NA,NA,NA,NA,NA,NA,NA,NA,NA,NA,NA,NA,NA
taco villa,bean and cheese,10/27/16,utc,9500 Gilman Dr,3,NA,No,NA,3,NA,NA,NA,5,5,NA,3,2,2,NA,1,5,2,no,Shijia,,,0,NA,NA,NA,1,NA,NA,NA,NA,NA,NA,NA,1,NA,NA,NA,NA,NA,NA,NA,NA,NA,NA,NA,NA,NA,NA,NA,NA,NA,NA,NA,NA,NA,NA,NA
taco villa,breakfast,10/18/16,utc,9500 Gilman Dr,3,NA,No,4.99,4,NA,NA,NA,4.5,5,3,3,3,2.5,0,2.5,5,3,yes,Sage,pretty standard breakfast burrito. eggs and cheese. great tortilla! morning protein!,,0,NA,NA,NA,NA,NA,NA,NA,NA,NA,NA,NA,NA,NA,NA,NA,NA,NA,NA,NA,NA,NA,NA,NA,NA,NA,NA,NA,NA,NA,NA,NA,NA,NA,NA,NA
los primos mexican food,california,5/29/16,utc,7770 Regents Rd,3,3.7,Yes,7.5,4,NA,NA,NA,3,5,3.5,3.5,4,4,2.5,3,5,3.5,yes,Sage,,,0,NA,1,NA,1,1,NA,NA,1,NA,NA,NA,NA,NA,1,NA,NA,NA,NA,NA,NA,NA,NA,NA,NA,NA,NA,NA,NA,NA,NA,NA,NA,NA,NA,NA
los primos mexican food,california,6/3/16,utc,7770 Regents Rd,3,3.7,Yes,7,3,20,22,0.77,4.5,4,3.5,4,1,1,2,2,4,2.5,no,Ricardo,,,0,1,1,1,1,1,NA,NA,NA,NA,NA,NA,NA,NA,NA,NA,NA,NA,NA,NA,NA,NA,NA,NA,NA,NA,NA,NA,NA,NA,NA,NA,NA,NA,NA,NA
taco villa,california,2/21/17,utc,9500 Gilman Dr,3,NA,No,NA,4.3,18.5,21.5,0.68,3,3,3.5,4,3,1.5,3.8,4,5,4,NA,Scott,Salsa much better this time than before,,0,NA,NA,NA,NA,NA,NA,NA,NA,NA,NA,NA,NA,NA,NA,NA,NA,NA,NA,NA,NA,NA,NA,NA,NA,NA,NA,NA,NA,NA,NA,NA,NA,NA,NA,NA
taco villa,california ,10/17/16,utc,9500 Gilman Dr,3,NA,No,6.99,3.5,19,20,0.6,3,3,3,3,3.7,3.5,3.8,3,5,3.5,yes,Scott,Pretty decent,,0,1,NA,NA,1,1,1,NA,NA,NA,NA,NA,NA,NA,NA,NA,NA,NA,NA,NA,NA,NA,NA,NA,NA,NA,NA,NA,NA,NA,NA,NA,NA,NA,NA,NA
los primos mexican food,california breakfast,6/3/16,utc,7770 Regents Rd,3,3.7,Yes,6.25,2.5,18.5,22.5,0.75,3,4,3,2,1.5,1,3,1.5,3,2,no,Erin,,,0,1,NA,NA,1,1,1,NA,NA,NA,NA,NA,NA,NA,NA,NA,NA,NA,NA,NA,NA,NA,NA,NA,NA,NA,NA,NA,NA,1,NA,NA,NA,NA,NA,NA
los primos mexican food,carne asada,8/6/16,utc,7770 Regents Rd,3,3.7,Yes,7,4,18.5,20.5,0.62,3.5,3,2,2,1,3,3.5,1.5,4,2,no,Ricardo,,,0,NA,NA,NA,NA,NA,NA,NA,NA,NA,NA,NA,NA,NA,NA,NA,NA,NA,NA,NA,NA,NA,NA,NA,NA,NA,NA,NA,NA,NA,NA,NA,NA,NA,NA,NA
los primos mexican food,carnitas,6/3/16,utc,7770 Regents Rd,3,3.7,Yes,6.35,4.5,18,20.5,0.6,4,4,2.5,2,3,2,2,2,3,2,no,Matteo,,,0,NA,NA,1,NA,NA,NA,1,NA,NA,NA,NA,NA,NA,NA,NA,NA,NA,NA,NA,NA,NA,NA,NA,NA,NA,NA,NA,NA,NA,NA,NA,NA,NA,NA,NA
taco villa,carnitas,9/26/16,utc,9500 Gilman Dr,3,NA,No,5.99,2.5,18.5,20,0.59,3.2,3.8,4.5,2.8,4,2,1.8,3.5,5,4,yes,Scott,Carnitas very good,,0,NA,1,1,NA,NA,NA,1,NA,NA,NA,NA,NA,NA,NA,NA,NA,NA,NA,NA,NA,NA,NA,NA,NA,NA,NA,NA,NA,NA,NA,NA,NA,NA,NA,NA
taco villa,carnitas,10/27/16,utc,9500 Gilman Dr,3,NA,No,5.95,3,18,20,0.57,4,3,4,3,4,2,3.5,3,5,3.9,yes,Scott,,,0,NA,1,1,NA,NA,NA,1,NA,NA,NA,NA,NA,NA,NA,NA,NA,NA,NA,NA,NA,NA,NA,NA,NA,NA,NA,NA,NA,NA,NA,NA,NA,NA,NA,NA
taco villa,carnitas,4/25/17,utc,9500 Gilman Dr,3,NA,No,5.99,4,20,20,0.64,2,4.5,4.5,3,3.8,4.4,2.5,3.5,3,4,NA,Scott,,,0,NA,1,1,NA,NA,NA,1,NA,NA,NA,NA,NA,NA,NA,NA,NA,NA,NA,NA,NA,NA,NA,NA,NA,NA,NA,NA,NA,NA,NA,NA,NA,NA,NA,NA
taco villa,carnitas,4/25/17,utc,9500 Gilman Dr,3,NA,No,5.99,4,18.5,20,0.59,4,4,4,3,4,3.5,2.5,3.5,5,3.5,NA,Richard,,,0,NA,1,1,NA,NA,NA,1,NA,NA,NA,NA,NA,NA,NA,NA,NA,NA,NA,NA,NA,NA,NA,NA,NA,NA,NA,NA,NA,NA,NA,NA,NA,NA,NA,NA
taco villa,chicken,1/10/17,utc,9500 Gilman Dr,3,NA,No,4.99,3.5,18.5,22.5,0.75,2.5,4.5,3,2.5,3,3,2,2,4,3,NA,Scott,Somehow way better when it was leftover,,0,NA,NA,NA,NA,NA,NA,NA,NA,NA,NA,NA,NA,NA,NA,NA,NA,NA,NA,NA,NA,NA,NA,NA,NA,NA,NA,NA,NA,NA,NA,NA,NA,NA,NA,NA
taco villa,chicken and rice,10/12/16,utc,9500 Gilman Dr,3,NA,No,4.95,3,NA,NA,NA,3.5,5,4,4,3.78,5,NA,4.7,5,4.2,yes,Sage,chicken and rice burrito. simple and delicious. ,,0,NA,NA,NA,NA,NA,NA,NA,NA,NA,NA,NA,NA,NA,NA,NA,NA,NA,NA,NA,NA,NA,NA,NA,NA,NA,NA,NA,NA,NA,NA,NA,NA,NA,NA,NA
los primos mexican food,monster california,2/1/16,utc,7770 Regents Rd,3,3.7,Yes,9.25,3.5,NA,NA,NA,2,4.5,4.5,3.5,1.5,3,3.5,4,2,3.9,NA,Scott,this tasted really bad leftover. not included in rating,,0,1,1,1,1,1,1,NA,NA,NA,NA,NA,NA,NA,NA,NA,NA,NA,NA,NA,NA,NA,NA,NA,NA,NA,NA,NA,NA,NA,NA,NA,NA,NA,NA,NA
los primos mexican food,monster california,6/3/16,utc,7770 Regents Rd,3,3.7,Yes,9.25,3.5,25.5,24,1.17,2,1,3,3,1,NA,3,2,4,2.3,no,Scott,,,0,1,1,1,1,1,1,NA,NA,NA,NA,NA,NA,NA,NA,NA,NA,NA,NA,NA,NA,NA,NA,NA,NA,NA,NA,NA,NA,NA,NA,NA,NA,NA,NA,NA
taco villa,pollo asado,1/20/17,utc,9500 Gilman Dr,3,NA,No,5.99,4.5,18.5,21,0.65,2,4,2.5,3.5,4.5,3,2,1.5,3.4,3.1,NA,Scott,,,0,NA,NA,NA,NA,NA,NA,NA,NA,NA,NA,NA,NA,NA,NA,NA,NA,NA,NA,NA,NA,NA,NA,NA,NA,NA,NA,NA,NA,NA,NA,NA,NA,NA,NA,NA
taco villa,shrimp with guac,10/27/16,utc,9500 Gilman Dr,3,NA,No,NA,2,NA,NA,NA,2,4,3,4,4,4,3,4,4,3,yes,Jeremy,,,0,NA,NA,NA,NA,NA,NA,NA,NA,NA,NA,NA,NA,NA,NA,NA,NA,NA,NA,NA,NA,NA,NA,NA,NA,NA,NA,NA,NA,NA,NA,NA,NA,NA,NA,NA
los primos mexican food,surf & turf,8/6/16,utc,7770 Regents Rd,3,3.7,Yes,7,2.5,20.5,21.75,0.77,4,4,2,3,2,3.5,3,3,4.5,2.5,no,Emily,,,0,1,NA,NA,1,NA,NA,NA,NA,NA,NA,NA,NA,NA,NA,1,NA,NA,NA,NA,NA,1,NA,NA,NA,NA,NA,NA,NA,NA,NA,NA,NA,NA,NA,NA
taco villa,tejano,10/27/16,utc,9500 Gilman Dr,3,NA,No,6.99,3.5,19,21,0.67,2,5,4.2,3,4.7,5,3.7,4.2,5,4,yes,Sage,,,0,NA,NA,NA,1,1,NA,NA,1,NA,NA,NA,NA,NA,NA,NA,NA,NA,NA,NA,NA,NA,NA,NA,NA,NA,NA,NA,NA,NA,NA,NA,NA,NA,NA,NA
rubios ucsd,tilapia,8/30/16,utc,9500 Gilman Dr,3.5,3.4,Yes,7.99,3.5,17,20,0.54,1.5,4,3,3,1.5,4.5,2.5,3,1.5,3.2,no,Scott,,,0,NA,NA,1,NA,NA,NA,NA,NA,NA,1,1,NA,NA,NA,NA,NA,1,NA,NA,NA,NA,NA,NA,NA,NA,NA,NA,NA,NA,NA,NA,NA,NA,1,NA
el torrito foods,adobada,9/25/16,vista,249 Emerald Dr,4,4.4,No,3.99,4.5,22.5,19.5,0.68,3.5,4,3,2.5,2.8,4,2.5,2.5,5,2.6,no,Emily,tamale isn't good,,0,NA,NA,NA,NA,NA,NA,1,NA,NA,NA,1,1,NA,NA,NA,NA,NA,NA,NA,1,1,NA,NA,NA,NA,NA,NA,NA,NA,NA,NA,NA,NA,NA,NA
el torrito foods,asada,9/25/16,vista,249 Emerald Dr,4,4.4,No,5.49,4,23.5,19,0.68,3,5,3,3,2.5,4,3.5,3,5,3.1,yes,Scott,Good because so cheap,,0,1,NA,NA,NA,NA,NA,NA,NA,NA,NA,1,1,NA,NA,NA,NA,NA,NA,NA,1,1,NA,NA,NA,NA,NA,NA,NA,NA,NA,NA,NA,NA,NA,NA
la morena taco shop and seafood,california,9/22/16,webster,5059 Federal Blvd,4.5,4.7,No,6.35,4,NA,NA,NA,4,2.5,4,3,4.5,2,2,3,4,3,no,Erin,"Good tortilla, good amount of food, needed guac. or salsa to balance out density of fillings.",,0,1,1,NA,NA,1,1,NA,NA,NA,NA,NA,NA,NA,NA,NA,NA,NA,NA,NA,NA,NA,NA,NA,NA,NA,NA,NA,NA,NA,NA,NA,NA,NA,NA,NA
mxn on washington,bean and rice grande size,5/20/16,,,NA,NA,No,2.99,3,NA,NA,NA,4.5,3.5,NA,4.5,NA,3.5,3,4,4,4.5,yes,Sarah,Got green and hot salsa put inside the burrito-drive thru,x,0,NA,NA,NA,NA,NA,NA,NA,NA,NA,NA,NA,NA,NA,NA,NA,NA,NA,NA,NA,NA,NA,NA,NA,NA,NA,NA,NA,NA,NA,NA,NA,NA,NA,NA,NA
lourdes,california,3/3/17,,,NA,NA,No,6.35,3.5,19,20,0.6,4,3,3,3,2.5,3,3.5,2.8,5,3.1,NA,Scott,,,0,NA,NA,NA,NA,NA,NA,NA,NA,NA,NA,NA,NA,NA,NA,NA,NA,NA,NA,NA,NA,NA,NA,NA,NA,NA,NA,NA,NA,NA,NA,NA,NA,NA,NA,NA
"alberto's 623 n escondido blvd, escondido, ca 92025",carne asada,5/5/16,,,NA,NA,No,4.59,4,17,21,0.6,4,4,5,5,5,5,5,5,4,4.8,yes,Chuck K,,x,0,NA,NA,NA,NA,NA,NA,NA,NA,NA,NA,NA,NA,NA,NA,NA,NA,NA,NA,NA,NA,NA,NA,NA,NA,NA,NA,NA,NA,NA,NA,NA,NA,NA,NA,NA
kotija jr.,fish,5/20/16,,,NA,NA,No,6.5,4,NA,NA,NA,3,NA,4,4,5,4,4,5,4,5,yes,Jonathan G,Great fish burrito. Not fishy and has great crunch from both cabbage and fried fish. Super generous with amount of fish given,x,0,NA,NA,NA,NA,NA,NA,NA,NA,NA,1,NA,NA,NA,NA,NA,NA,1,1,NA,NA,NA,NA,NA,NA,NA,NA,NA,NA,NA,NA,NA,NA,NA,NA,NA
humbertos,pollo california,5/27/16,,,NA,NA,No,6,5,NA,NA,NA,4,5,5,5,5,4,5,5,5,5,yes,Logan,,x,0,NA,NA,NA,NA,NA,NA,NA,NA,NA,NA,NA,NA,NA,NA,NA,NA,NA,NA,NA,NA,NA,NA,NA,NA,NA,NA,NA,NA,NA,NA,NA,NA,NA,NA,NA
chili peppers,surf & turf,5/28/16,,,NA,NA,No,9.43,NA,NA,NA,NA,4,5,5,5,5,5,5,5,5,5,yes,Chris H,,x,0,NA,NA,NA,NA,NA,NA,NA,NA,NA,NA,NA,NA,NA,NA,NA,NA,NA,NA,NA,NA,NA,NA,NA,NA,NA,NA,NA,NA,NA,NA,NA,NA,NA,NA,NA
saguaro's ,vegetarian,6/20/16,,,NA,NA,No,5.25,4,NA,NA,NA,4,5,NA,5,4,4,5,5,5,4.8,yes,Brian,"Great rice and beans burrito, doesn't come with cheese or sour cream. ",x,0,NA,NA,NA,NA,NA,NA,NA,NA,NA,NA,NA,NA,NA,NA,NA,NA,NA,NA,NA,NA,NA,NA,NA,NA,NA,NA,NA,NA,NA,NA,NA,NA,NA,NA,NA